,COUNTRY,ISO3,WHO_REGION,DATA_SOURCE,DATE_UPDATED,TOTAL_VACCINATIONS,PERSONS_VACCINATED_1PLUS_DOSE,TOTAL_VACCINATIONS_PER100,PERSONS_VACCINATED_1PLUS_DOSE_PER100,PERSONS_LAST_DOSE,PERSONS_LAST_DOSE_PER100,VACCINES_USED,FIRST_VACCINE_DATE,NUMBER_VACCINES_TYPES_USED,PERSONS_BOOSTER_ADD_DOSE,PERSONS_BOOSTER_ADD_DOSE_PER100
0,Afghanistan,AFG,EMRO,REPORTING,2023-06-13,20013614.0,16987158,51.411,43.637,16280657,41.821999999999996,,2021-02-22,11.0,1977445.0,5.08
1,Albania,ALB,EURO,REPORTING,2023-05-14,3080679.0,1348396,107.0,47.379,1277987,44.905,,2021-01-13,6.0,399190.0,14.027000000000001
2,Algeria,DZA,AFRO,REPORTING,2022-09-04,15267442.0,7840131,34.817,17.879,6481186,14.78,,2021-01-30,4.0,575651.0,1.3130000000000002
3,American Samoa,ASM,WPRO,REPORTING,2023-03-29,114706.0,46206,207.812,83.711,42479,76.959,,2020-12-21,3.0,24160.0,43.77
4,Andorra,AND,EURO,REPORTING,2023-04-09,157038.0,57910,203.2,76.02,53496,70.226,,2021-01-20,4.0,43067.0,56.535
5,Angola,AGO,AFRO,REPORTING,2023-05-21,25552936.0,15745756,77.748,47.909,8821410,26.84,,2021-03-10,1.0,2026768.0,6.167000000000001
6,Anguilla,AIA,AMRO,REPORTING,2023-06-02,24611.0,10854,164.051,72.35,10380,69.191,,2021-02-05,2.0,3046.0,20.304000000000002
7,Antigua and Barbuda,ATG,AMRO,REPORTING,2023-06-02,136512.0,64290,139.399,65.65,62384,63.703,,2021-03-01,6.0,9838.0,10.046
8,Argentina,ARG,AMRO,REPORTING,2022-10-07,109652736.0,41324100,242.61700000000002,91.434,37840119,83.725,,2020-12-29,7.0,30810184.0,68.17
9,Armenia,ARM,EURO,REPORTING,2023-05-14,2156999.0,1122040,72.8,37.865,996169,33.618,,2021-01-27,10.0,44890.0,1.515
10,Aruba,ABW,AMRO,REPORTING,2023-06-02,216974.0,90449,203.22400000000002,84.71700000000001,84297,78.955,,2021-02-17,2.0,35659.0,33.399
11,Australia,AUS,WPRO,REPORTING,2023-03-24,65492360.0,22231907,256.834,87.184,21648824,84.898,,2021-02-21,5.0,14368201.0,56.346000000000004
12,Austria,AUT,EURO,REPORTING,2023-05-14,20401515.0,6899733,229.2,77.625,6682197,75.072,,2020-12-30,10.0,5405548.0,60.729
13,Azerbaijan,AZE,EURO,REPORTING,2023-05-14,13822539.0,5434010,136.3,53.593999999999994,4886266,48.192,,2021-01-20,5.0,3502265.0,34.542
14,Bahamas,BHS,AMRO,REPORTING,2023-06-02,366359.0,174810,93.163,44.453,166972,42.46,,2021-03-14,4.0,33717.0,8.574
15,Bahrain,BHR,EMRO,REPORTING,2022-12-21,3476633.0,1241174,204.31900000000002,72.943,1226796,72.098,,2020-11-04,11.0,1008663.0,59.278
16,Bangladesh,BGD,SEARO,REPORTING,2023-06-11,359443035.0,151357597,218.255,91.905,140583786,85.363,,2021-01-27,8.0,67501652.0,40.986999999999995
17,Barbados,BRB,AMRO,REPORTING,2023-06-02,381721.0,163846,132.83,57.015,155036,53.949,,2021-01-08,5.0,62839.0,21.866999999999997
18,Belarus,BLR,EURO,REPORTING,2023-04-16,21205264.0,6438808,224.4,68.14,6354262,67.24600000000001,,2021-02-03,5.0,5699425.0,60.316
19,Belgium,BEL,EURO,REPORTING,2023-05-14,29117995.0,9254335,252.7,80.316,9158096,79.48100000000001,,2020-12-30,4.0,7244556.0,62.873000000000005
20,Belize,BLZ,AMRO,REPORTING,2023-06-02,510770.0,258456,128.454,64.999,221408,55.681999999999995,,2021-03-01,5.0,50238.0,12.634
21,Benin,BEN,AFRO,REPORTING,2022-12-18,4232541.0,3697190,34.913000000000004,30.497,2742837,22.625,,2021-03-29,5.0,,
22,Bermuda,BMU,AMRO,REPORTING,2023-06-02,132042.0,48554,212.037,77.97,47657,76.529,,2021-01-11,3.0,31829.0,51.111999999999995
23,Bhutan,BTN,SEARO,REPORTING,2022-10-30,2011426.0,699116,260.68,90.605,677669,87.82600000000001,,2021-03-27,5.0,634641.0,82.249
24,Bolivia (Plurinational State of),BOL,AMRO,REPORTING,2023-06-02,16016290.0,7492606,137.208,64.187,6295624,53.933,,2021-01-30,7.0,2487668.0,21.311
25,Bonaire,XAA,AMRO,REPORTING,2023-06-02,43070.0,17460,205.929,83.48100000000001,16189,77.404,,,,8125.0,38.848
26,"Bonaire, Sint Eustatius and Saba",BES,AMRO,OWID,2021-09-01,35845.0,19109,137.934,73.533,16736,64.40100000000001,,,2.0,,
27,Bosnia and Herzegovina,BIH,EURO,REPORTING,2022-01-29,1924950.0,943394,58.7,28.755,846080,25.789,,,4.0,,
28,Botswana,BWA,AFRO,REPORTING,2023-05-07,3171667.0,1951054,134.871,82.96600000000001,1663490,70.738,,2021-03-26,6.0,507654.0,21.587
29,Brazil,BRA,AMRO,REPORTING,2023-06-02,513329718.0,188746389,241.49900000000002,88.79700000000001,171459392,80.664,,2021-01-17,5.0,110382337.0,51.93
30,British Virgin Islands,VGB,AMRO,REPORTING,2023-06-02,41453.0,19466,137.094,64.378,18261,60.393,,2021-02-11,3.0,3726.0,12.323
31,Brunei Darussalam,BRN,WPRO,REPORTING,2023-04-28,1291978.0,451032,295.323,103.098,446630,102.09200000000001,,2021-04-03,5.0,340379.0,77.805
32,Bulgaria,BGR,EURO,REPORTING,2023-05-14,4617676.0,2108296,66.4,30.329,2080070,29.923000000000002,,2020-12-30,4.0,832410.0,11.975
33,Burkina Faso,BFA,AFRO,REPORTING,2023-03-19,6674010.0,5152110,31.928,24.647,4129254,19.754,,2021-06-02,3.0,,
34,Burundi,BDI,AFRO,REPORTING,2023-05-14,39182.0,36909,0.33,0.31,36321,0.305,,2021-10-18,1.0,314.0,0.003
35,Cabo Verde,CPV,AFRO,REPORTING,2022-09-25,859940.0,356734,154.66899999999998,64.16199999999999,308720,55.526,,2021-03-18,4.0,749.0,0.135
36,Cambodia,KHM,WPRO,REPORTING,2023-06-07,47096851.0,15290443,281.697,91.456,14663743,87.70700000000001,,2021-02-10,7.0,10663964.0,63.784
37,Cameroon,CMR,AFRO,REPORTING,2023-05-07,4735141.0,3656503,17.838,13.774000000000001,3107836,11.707,,2021-04-12,4.0,765051.0,2.8819999999999997
38,Canada,CAN,AMRO,REPORTING,2023-06-02,97596974.0,32645232,258.589,86.495,31311576,82.962,,2020-12-14,6.0,19776324.0,52.398999999999994
39,Cayman Islands,CYM,AMRO,REPORTING,2023-06-02,151822.0,62085,231.013,94.469,60664,92.307,,2021-01-15,1.0,24064.0,36.616
40,Central African Republic,CAF,AFRO,REPORTING,2023-05-21,2914105.0,2381935,60.336000000000006,49.318000000000005,2266531,46.928000000000004,,2021-03-19,2.0,226816.0,4.696000000000001
41,Chad,TCD,AFRO,REPORTING,2023-05-14,8547802.0,6254729,52.038999999999994,38.079,6127422,37.303000000000004,,2021-06-04,1.0,4042573.0,24.611
42,Chile,CHL,AMRO,REPORTING,2023-06-02,66273384.0,18106832,346.68699999999995,94.72,17716364,92.677,,2020-12-21,5.0,15766986.0,82.48
43,China,CHN,WPRO,REPORTING,2023-03-23,3515872818.0,1317994878,238.96599999999998,89.581,1284413713,87.29899999999999,,2020-07-22,8.0,833820382.0,56.673
44,Colombia,COL,AMRO,REPORTING,2023-06-02,90506612.0,43012174,177.872,84.53200000000001,37019801,72.755,,2021-02-17,5.0,14792792.0,29.072
45,Comoros,COM,AFRO,REPORTING,2022-10-02,835021.0,438825,96.023,50.463,397080,45.662,,2021-04-10,3.0,,
46,Congo,COG,AFRO,REPORTING,2022-07-31,833210.0,695760,15.1,12.609000000000002,654119,11.854000000000001,,2021-03-23,4.0,,
47,Cook Islands,COK,WPRO,REPORTING,2023-01-31,40080.0,15112,228.19400000000002,86.04,14728,83.853,,2021-05-17,1.0,10240.0,58.301
48,Costa Rica,CRI,AMRO,REPORTING,2023-06-02,13371989.0,4641899,262.499,91.12299999999999,4358863,85.56700000000001,,2020-12-24,3.0,2957974.0,58.066
49,Côte d’Ivoire,CIV,AFRO,REPORTING,2023-02-19,25263932.0,13568372,95.77600000000001,51.438,12164304,46.115,,2021-03-01,5.0,3138712.0,11.899000000000001
50,Croatia,HRV,EURO,REPORTING,2023-05-14,5432534.0,2320087,133.9,57.205,2246484,55.357,,2020-12-23,6.0,994329.0,24.502
51,Cuba,CUB,AMRO,REPORTING,2023-06-02,38105906.0,10749013,336.42800000000005,94.9,10016328,88.432,,,3.0,8742146.0,77.182
52,Curaçao,CUW,AMRO,REPORTING,2023-06-02,260324.0,108601,158.644,66.183,100885,61.48,,2021-02-24,3.0,43138.0,26.289
53,Cyprus,CYP,EURO,REPORTING,2023-05-14,1858796.0,669185,209.3,75.366,656113,73.88600000000001,,2020-12-23,5.0,487363.0,54.883
54,Czechia,CZE,EURO,REPORTING,2023-05-14,18614118.0,6972084,174.1,65.197,6887797,64.408,,2020-12-23,9.0,4365578.0,40.823
55,Democratic Republic of the Congo,COD,AFRO,REPORTING,2023-04-16,16398195.0,15388889,18.309,17.183,12873681,14.374,,2021-04-19,1.0,,
56,Denmark,DNK,EURO,REPORTING,2023-05-14,15002820.0,4771581,257.7,81.947,4736323,81.342,,2020-12-16,5.0,3638964.0,62.495
57,Djibouti,DJI,EMRO,REPORTING,2023-04-18,392703.0,372077,39.747,37.66,351712,35.598,,2021-03-15,11.0,,
58,Dominica,DMA,AMRO,REPORTING,2023-06-02,67647.0,32995,93.96600000000001,45.832,30659,42.586999999999996,,2021-02-12,5.0,3993.0,5.547000000000001
59,Dominican Republic,DOM,AMRO,REPORTING,2023-06-02,15972891.0,7322815,147.244,67.50399999999999,6095810,56.193000000000005,,2021-02-16,5.0,2554266.0,23.546
60,Ecuador,ECU,AMRO,REPORTING,2023-02-24,39495110.0,15329151,223.856,86.885,14233323,80.67399999999999,,2021-01-20,4.0,7708466.0,43.691
61,Egypt,EGY,EMRO,REPORTING,2023-05-21,112673535.0,56907319,110.103,55.608999999999995,42337175,41.371,,2021-01-24,10.0,15217352.0,14.87
62,El Salvador,SLV,AMRO,REPORTING,2023-06-02,11426688.0,4656627,176.169,71.793,4393762,67.74,,2021-02-17,6.0,1898202.0,29.265
63,Equatorial Guinea,GNQ,AFRO,REPORTING,2022-07-24,488738.0,270109,34.836,19.252,214032,15.255,,2021-02-12,2.0,4597.0,0.32799999999999996
64,Eritrea,ERI,AFRO,REPORTING,2022-07-03,,0,,0.0,0,0.0,,,,,
65,Estonia,EST,EURO,REPORTING,2023-04-16,2204078.0,845066,165.8,63.588,842103,63.365,,2020-12-23,9.0,487178.0,36.658
66,Eswatini,SWZ,AFRO,REPORTING,2023-05-21,867487.0,526050,74.773,45.343,426134,36.73,,2021-03-19,3.0,177344.0,15.286
67,Ethiopia,ETH,AFRO,REPORTING,2023-05-07,54041862.0,44073766,47.008,38.336999999999996,37637944,32.739000000000004,,2021-03-13,4.0,2855358.0,2.484
68,Falkland Islands (Malvinas),FLK,AMRO,REPORTING,2022-06-21,9390.0,3220,269.595,92.449,2976,85.444,,,1.0,2543.0,73.012
69,Faroe Islands,FRO,EURO,OWID,2022-02-18,103894.0,41715,212.614,85.368,40895,83.69,,,2.0,21284.0,43.556999999999995
70,Fiji,FJI,WPRO,REPORTING,2023-04-27,1555182.0,712025,173.483,79.428,641194,71.52600000000001,,2021-03-07,3.0,172046.0,19.192
71,Finland,FIN,EURO,REPORTING,2023-05-14,13261002.0,4547283,240.0,82.29899999999999,4364702,78.995,,2020-12-23,5.0,3087911.0,55.887
72,France,FRA,EURO,REPORTING,2023-05-14,158014193.0,54673588,234.7,81.214,53184085,79.002,,2020-12-23,9.0,41033495.0,60.953
73,French Guiana,GUF,AMRO,REPORTING,2023-06-02,242193.0,100299,81.087,33.580999999999996,90464,30.288,,2021-01-13,3.0,46331.0,15.512
74,French Polynesia,PYF,WPRO,REPORTING,2023-05-01,480028.0,190908,170.88400000000001,67.961,186803,66.5,,2021-01-18,2.0,102317.0,36.424
75,Gabon,GAB,AFRO,REPORTING,2023-02-05,572672.0,311244,25.73,13.984000000000002,257471,11.568,,2021-03-23,3.0,2592.0,0.11599999999999999
76,Gambia,GMB,AFRO,REPORTING,2023-03-19,1444492.0,674314,59.772,27.903000000000002,539186,22.311,,2021-03-10,2.0,53741.0,2.224
77,Georgia,GEO,EURO,REPORTING,2023-04-16,2738178.0,1300473,68.6,32.6,1186709,29.748,,2021-03-17,4.0,250996.0,6.292000000000001
78,Germany,DEU,EURO,REPORTING,2023-05-14,193232623.0,64867380,232.3,77.997,63564301,76.43,,2020-12-23,9.0,52141945.0,62.696000000000005
79,Ghana,GHA,AFRO,REPORTING,2023-03-26,22384226.0,13221421,72.038,42.55,10170298,32.73,,2021-03-02,2.0,4062970.0,13.075999999999999
80,Gibraltar,GIB,EURO,OWID,2022-12-16,132810.0,42175,394.2,125.182,41465,123.074,,,2.0,49170.0,145.944
81,Greece,GRC,EURO,REPORTING,2023-05-14,21982946.0,7916291,205.1,73.85600000000001,7744496,72.253,,2020-12-23,7.0,5902227.0,55.065
82,Greenland,GRL,EURO,OWID,2022-03-14,79738.0,41227,140.453,72.619,38511,67.834,,,1.0,,
83,Grenada,GRD,AMRO,REPORTING,2023-06-02,90686.0,44241,80.593,39.317,39034,34.69,,2021-02-15,5.0,7411.0,6.586
84,Guadeloupe,GLP,AMRO,REPORTING,2023-06-02,400129.0,152113,100.001,38.016,146098,36.513000000000005,,2021-01-08,7.0,89009.0,22.245
85,Guam,GUM,WPRO,REPORTING,2023-01-31,352698.0,135612,208.975,80.351,128788,76.308,,2021-01-04,3.0,83603.0,49.535
86,Guatemala,GTM,AMRO,REPORTING,2023-06-02,20370595.0,8935137,113.70299999999999,49.873999999999995,7127944,39.786,,2021-02-25,5.0,3719543.0,20.761999999999997
87,Guernsey,GGY,EURO,OWID,2022-12-19,178525.0,54223,276.92,84.10799999999999,52710,81.76100000000001,,,3.0,69339.0,107.556
88,Guinea,GIN,AFRO,REPORTING,2023-04-02,10645240.0,7679918,81.058,58.479,4725982,35.986,,2021-03-05,6.0,302545.0,2.3040000000000003
89,Guinea-Bissau,GNB,AFRO,REPORTING,2023-05-21,824250.0,733271,41.883,37.26,533741,27.121,,2021-04-02,2.0,48801.0,2.48
90,Guyana,GUY,AMRO,REPORTING,2023-06-02,960133.0,495285,122.069,62.968999999999994,381984,48.56399999999999,,2021-02-11,7.0,77874.0,9.901
91,Haiti,HTI,AMRO,REPORTING,2023-06-02,664150.0,521396,5.825,4.573,350403,3.073,,,2.0,,
92,Honduras,HND,AMRO,REPORTING,2023-06-02,16901540.0,6485671,170.643,65.48100000000001,5751048,58.06399999999999,,2021-02-22,6.0,4665196.0,47.101000000000006
93,Hungary,HUN,EURO,REPORTING,2023-05-14,16569954.0,6358513,169.6,65.085,6151876,62.97,,2020-12-23,8.0,3868577.0,39.598
94,Iceland,ISL,EURO,REPORTING,2023-04-16,869976.0,307269,238.9,84.40299999999999,297921,81.816,,2020-12-30,5.0,254556.0,69.907
95,India,IND,SEARO,REPORTING,2023-05-30,2206710296.0,1025819990,159.906,74.335,952117967,68.994,,2021-01-16,8.0,228772339.0,16.578
96,Indonesia,IDN,SEARO,REPORTING,2023-06-06,447595845.0,203845350,163.641,74.52600000000001,174893201,63.941,,2021-01-13,7.0,68857294.0,25.174
97,Iran (Islamic Republic of),IRN,EMRO,REPORTING,2023-05-23,155369703.0,65176523,184.979,77.598,58562317,69.723,,2021-02-09,12.0,28562352.0,34.006
98,Iraq,IRQ,EMRO,REPORTING,2023-01-02,19557364.0,11332925,48.623000000000005,28.176,7944775,19.752,,2021-03-02,10.0,275280.0,0.684
99,Ireland,IRL,EURO,REPORTING,2023-05-14,12377654.0,4107919,249.3,85.49,4062518,81.832,,2020-12-30,5.0,3056320.0,61.56399999999999
100,Isle of Man,IMN,EURO,OWID,2022-06-23,189994.0,69560,223.438,81.804,67106,78.919,,,3.0,53328.0,62.715
101,Israel,ISR,EURO,REPORTING,2022-06-05,15026951.0,7055466,173.6,81.514,6385731,73.77600000000001,,2020-12-16,3.0,1585754.0,18.320999999999998
102,Italy,ITA,EURO,REPORTING,2023-05-14,150311519.0,50580760,252.0,84.81200000000001,49483812,82.969,,2020-12-23,9.0,44914882.0,75.308
103,Jamaica,JAM,AMRO,REPORTING,2023-06-02,1525895.0,858035,51.53,28.976,758800,25.625,,2021-03-10,6.0,45995.0,1.5530000000000002
104,Japan,JPN,WPRO,REPORTING,2023-06-06,392346325.0,104715237,310.21299999999997,82.794,103392920,81.749,,2021-02-17,4.0,86527378.0,68.414
105,Jersey,JEY,EURO,OWID,2023-01-29,266953.0,84365,247.646,78.264,81882,75.96,,,3.0,73662.0,68.335
106,Jordan,JOR,EMRO,REPORTING,2022-08-21,10057975.0,4821579,98.57700000000001,47.256,4558313,44.676,,2021-01-13,10.0,682211.0,6.686
107,Kazakhstan,KAZ,EURO,REPORTING,2023-03-26,33732027.0,12385925,179.6,65.964,13067200,69.593,,2021-04-07,5.0,6756767.0,35.985
108,Kenya,KEN,AFRO,REPORTING,2023-04-02,23750431.0,14494372,44.169,26.956,11090440,20.625,,2021-03-05,5.0,2000636.0,3.721
109,Kiribati,KIR,WPRO,REPORTING,2023-02-06,219980.0,100900,184.162,84.471,81474,68.208,,2021-05-26,2.0,37606.0,31.483
110,Kosovo,XKX,EURO,REPORTING,2023-01-15,1836901.0,904558,102.3,50.375,824752,45.93,,2021-03-31,2.0,105624.0,5.882000000000001
111,Kuwait,KWT,EMRO,REPORTING,2023-06-13,8260485.0,3457124,193.428,80.952,3345838,78.346,,2020-12-28,10.0,1457523.0,34.129
112,Kyrgyzstan,KGZ,EURO,REPORTING,2023-04-16,3111072.0,1508959,47.7,23.129,1326178,20.327,,2021-03-31,6.0,275935.0,4.229
113,Lao People's Democratic Republic,LAO,WPRO,REPORTING,2023-05-21,13879410.0,6324678,190.768,86.93,5691962,78.234,,2020-11-25,8.0,2451034.0,33.689
114,Latvia,LVA,EURO,REPORTING,2023-05-14,2978080.0,1344301,156.1,70.468,1304678,68.391,,2020-12-30,9.0,550533.0,28.859
115,Lebanon,LBN,EMRO,REPORTING,2022-12-22,5814699.0,2740227,85.19200000000001,40.147,2414223,35.371,,2021-02-14,10.0,660249.0,9.673
116,Lesotho,LSO,AFRO,REPORTING,2023-03-19,1339097.0,1014073,62.50899999999999,47.336999999999996,938088,43.79,,2021-03-10,3.0,177816.0,8.3
117,Liberia,LBR,AFRO,REPORTING,2022-12-11,4460668.0,3903802,88.196,77.186,3730967,73.768,,2021-04-01,1.0,1987.0,0.039
118,Libya,LBY,EMRO,REPORTING,2023-01-16,3739158.0,2316327,54.417,33.71,1236102,17.989,,2021-04-11,10.0,186729.0,2.718
119,Liechtenstein,LIE,OTHER,REPORTING,2022-04-10,71104.0,26681,183.5,68.86,26346,67.995,,2021-01-06,3.0,18310.0,47.255
120,Lithuania,LTU,EURO,REPORTING,2023-05-14,4532276.0,1956451,162.2,70.175,1907015,68.252,,2020-12-23,5.0,902024.0,32.283
121,Luxembourg,LUX,EURO,REPORTING,2023-05-14,1337742.0,469267,213.7,74.95,462709,73.902,,2020-12-30,8.0,368474.0,58.852
122,Madagascar,MDG,AFRO,REPORTING,2023-05-21,2973152.0,2580188,10.737,9.318,2519918,9.1,,2021-05-10,3.0,156776.0,0.5660000000000001
123,Malawi,MWI,AFRO,REPORTING,2023-05-21,8168028.0,5234809,42.698,27.364,4092667,21.394000000000002,,2021-03-11,2.0,1106940.0,5.7860000000000005
124,Malaysia,MYS,WPRO,REPORTING,2023-06-04,72628221.0,28137456,224.39700000000002,86.935,27550446,85.12200000000001,,2021-02-24,8.0,16336757.0,50.475
125,Maldives,MDV,SEARO,REPORTING,2023-05-25,951764.0,399308,176.075,73.872,385167,71.255,,2021-02-01,8.0,167289.0,30.948
126,Mali,MLI,AFRO,REPORTING,2023-05-14,5922585.0,4354292,29.246,21.502,3633589,17.942999999999998,,2021-03-31,1.0,,
127,Malta,MLT,EURO,REPORTING,2023-05-14,1280134.0,450522,248.8,87.554,444899,86.461,,2020-12-23,4.0,352628.0,68.529
128,Marshall Islands,MHL,WPRO,REPORTING,2023-03-24,110742.0,47077,187.083,79.53,40689,68.738,,2020-12-29,3.0,18559.0,31.353
129,Martinique,MTQ,AMRO,REPORTING,2023-06-02,401816.0,150795,107.075,40.184,145536,38.782,,,2.0,92919.0,24.761
130,Mauritania,MRT,AFRO,REPORTING,2023-05-14,4068530.0,2101236,87.50200000000001,45.191,1538089,33.08,,2021-03-26,2.0,383866.0,8.256
131,Mauritius,MUS,AFRO,REPORTING,2023-05-21,2615218.0,1123773,205.636,88.363,1088142,85.561,,2021-01-26,3.0,640398.0,50.355
132,Mexico,MEX,AMRO,REPORTING,2023-06-02,222226293.0,96727823,172.358,75.02199999999999,81346379,63.092,,2020-12-24,8.0,57014052.0,44.22
133,Micronesia (Federated States of),FSM,WPRO,REPORTING,2023-03-28,198749.0,83871,172.791,72.917,80910,70.342,,2021-01-13,4.0,30537.0,26.549
134,Monaco,MCO,EURO,REPORTING,2022-12-04,71027.0,25319,181.0,64.517,24933,63.533,,2021-06-30,7.0,17806.0,45.373000000000005
135,Mongolia,MNG,WPRO,REPORTING,2023-03-17,5668144.0,2284018,172.899,69.671,2185282,66.65899999999999,,2021-02-23,6.0,1058839.0,32.299
136,Montenegro,MNE,EURO,REPORTING,2022-12-04,523735.0,272152,83.4,43.763000000000005,251583,40.455999999999996,,2021-02-24,5.0,0.0,0.0
137,Montserrat,MSR,AMRO,REPORTING,2023-06-02,4619.0,2104,92.398,42.088,1952,39.048,,2021-02-08,2.0,563.0,11.262
138,Morocco,MAR,EMRO,REPORTING,2023-05-14,55389602.0,25020168,150.064,67.786,23521989,63.727,,2021-01-28,10.0,6884356.0,18.651
139,Mozambique,MOZ,AFRO,REPORTING,2023-04-23,29457535.0,19939353,94.24799999999999,63.795,19765811,63.24,,2021-03-08,3.0,1260643.0,4.033
140,Myanmar,MMR,SEARO,REPORTING,2022-06-18,64549994.0,34777314,118.637,63.917,27545329,50.626000000000005,,2021-01-27,2.0,2227351.0,4.093999999999999
141,Namibia,NAM,AFRO,REPORTING,2023-05-14,990462.0,616314,38.981,24.256,538776,21.204,,2021-03-19,4.0,298560.0,11.75
142,Nauru,NRU,WPRO,REPORTING,2023-02-20,32157.0,13106,296.816,120.971,11346,104.726,,2021-04-09,2.0,7705.0,71.119
143,Nepal,NPL,SEARO,REPORTING,2023-06-13,62069210.0,27804084,213.02700000000002,95.426,24387074,83.699,,2021-01-27,8.0,9878052.0,33.902
144,Netherlands,NLD,EURO,REPORTING,2022-09-11,36105753.0,12776868,207.4,73.398,11957152,68.689,,2021-01-06,6.0,9417108.0,54.098
145,New Caledonia,NCL,WPRO,REPORTING,2023-04-03,480497.0,192371,168.301,67.381,184801,64.729,,2021-01-20,2.0,103325.0,36.191
146,New Zealand,NZL,WPRO,REPORTING,2023-04-21,12252378.0,4241210,254.081,87.95100000000001,4084115,84.693,,2021-02-19,4.0,2719283.0,56.391000000000005
147,Nicaragua,NIC,AMRO,REPORTING,2023-06-02,15498213.0,6404524,233.951,96.679,6117158,92.34100000000001,,2021-03-03,11.0,2892531.0,43.663999999999994
148,Niger,NER,AFRO,REPORTING,2023-03-12,7339299.0,6217508,30.319000000000003,25.685,5454196,22.531999999999996,,2021-03-29,2.0,,
149,Nigeria,NGA,AFRO,REPORTING,2023-03-19,116606863.0,82325196,56.567,39.937,69793071,33.857,,2021-03-05,1.0,12313372.0,5.973
150,Niue,NIU,WPRO,REPORTING,2023-03-04,4923.0,1638,304.265,101.236,1635,101.051,,2021-06-08,1.0,1225.0,75.711
151,North Macedonia,MKD,EURO,REPORTING,2023-05-07,1862987.0,854570,89.4,41.159,838181,40.37,,2021-02-17,7.0,161633.0,7.785
152,Northern Mariana Islands (Commonwealth of the),MNP,WPRO,REPORTING,2023-05-30,123536.0,46824,214.632,81.352,45953,79.839,,2020-12-19,3.0,26121.0,45.383
153,Norway,NOR,EURO,REPORTING,2023-05-14,12333824.0,4347099,229.8,80.988,4062092,75.678,,2020-12-23,4.0,3020359.0,56.27
154,occupied Palestinian territory,PSE,EMRO,REPORTING,2022-10-18,3748571.0,2012767,73.48100000000001,39.455,1776973,34.833,,2021-02-02,10.0,336967.0,6.605
155,Oman,OMN,EMRO,REPORTING,2022-10-25,7086050.0,3257365,138.762,63.787,3048826,59.703,,2020-12-29,11.0,779859.0,15.272
156,Pakistan,PAK,EMRO,REPORTING,2023-06-11,339286324.0,165554838,153.59799999999998,74.94800000000001,140456876,63.586000000000006,,2021-02-03,11.0,51496602.0,23.313000000000002
157,Palau,PLW,WPRO,REPORTING,2023-03-10,51032.0,18573,282.069,102.65899999999999,18278,101.02799999999999,,2021-01-03,3.0,12885.0,71.219
158,Panama,PAN,AMRO,REPORTING,2023-06-02,8901881.0,3533579,206.312,81.895,3174229,73.567,,2021-01-20,2.0,1769698.0,41.015
159,Papua New Guinea,PNG,WPRO,REPORTING,2023-06-04,532983.0,390289,5.957000000000001,4.362,329329,3.681,,2021-03-30,4.0,35747.0,0.4
160,Paraguay,PRY,AMRO,REPORTING,2023-06-02,9784169.0,3995915,137.17700000000002,56.023999999999994,3547736,49.74,,2021-02-22,8.0,1660692.0,23.283
161,Peru,PER,AMRO,REPORTING,2023-06-02,89593907.0,30487563,271.728,92.465,28654963,86.90700000000001,,2021-02-09,4.0,22143074.0,67.158
162,Philippines,PHL,WPRO,REPORTING,2023-03-19,189317158.0,82684774,172.764,75.455,78443972,71.585,,2021-03-01,11.0,23811248.0,21.729
163,Pitcairn Islands,PCN,WPRO,REPORTING,2022-08-29,117.0,47,234.0,94.0,47,94.0,,2021-05-17,1.0,23.0,46.0
164,Poland,POL,EURO,REPORTING,2023-05-14,58206296.0,22982713,153.3,60.548,22703730,59.813,,2020-12-23,5.0,12530960.0,33.013000000000005
165,Portugal,PRT,EURO,REPORTING,2023-05-14,27771091.0,9786666,269.7,95.215,8901440,86.456,,2020-12-23,12.0,7053415.0,68.507
166,Puerto Rico,PRI,AMRO,REPORTING,2023-06-02,7846764.0,2905470,274.281,101.56,2688410,93.97200000000001,,,4.0,1808780.0,63.225
167,Qatar,QAT,EMRO,REPORTING,2023-05-07,7609178.0,2852178,264.111,98.99799999999999,2852178,98.99799999999999,,,10.0,1904822.0,66.115
168,Republic of Korea,KOR,WPRO,REPORTING,2023-05-25,135852851.0,44894318,264.98,87.566,42969958,83.81200000000001,,2021-02-26,5.0,33643904.0,65.622
169,Republic of Moldova,MDA,EURO,REPORTING,2023-05-14,2287894.0,1108735,56.7,27.485,1078250,26.729,,2021-03-03,7.0,402330.0,9.974
170,Romania,ROU,EURO,REPORTING,2023-05-07,16110007.0,8187839,83.3,42.361000000000004,8142015,42.123999999999995,,2021-01-27,4.0,1768563.0,9.15
171,Russian Federation,RUS,EURO,OWID,2023-05-26,186678610.0,88798804,127.9,60.848,79701705,54.615,,,2.0,,
172,Rwanda,RWA,AFRO,REPORTING,2023-01-01,26106436.0,10572981,201.56,81.631,9897876,76.418,,2021-03-05,7.0,5879013.0,45.39
173,Saba,XCA,AMRO,REPORTING,2023-06-02,4979.0,1687,257.579,87.274,1667,86.23899999999999,,,,1170.0,60.528
174,"Saint Helena, Ascension and Tristan da Cunha",SHN,AFRO,OWID,2021-05-05,7892.0,4361,129.995,71.833,3531,58.162,,,1.0,,
175,Saint Kitts and Nevis,KNA,AMRO,REPORTING,2023-06-02,64297.0,33794,120.87700000000001,63.532,27000,50.76,,2021-02-22,3.0,3465.0,6.513999999999999
176,Saint Lucia,LCA,AMRO,REPORTING,2023-06-02,122977.0,60140,66.971,32.751,54971,29.936,,2021-02-17,5.0,7866.0,4.284
177,Saint Vincent and the Grenadines,VCT,AMRO,REPORTING,2023-06-02,73443.0,37532,66.20100000000001,33.830999999999996,31632,28.513,,2021-02-01,5.0,4279.0,3.8569999999999998
178,Samoa,WSM,WPRO,REPORTING,2023-02-24,453130.0,191403,228.37599999999998,96.46600000000001,177954,89.68799999999999,,2021-04-18,2.0,82268.0,41.463
179,San Marino,SMR,EURO,REPORTING,2022-05-22,69338.0,26357,204.3,76.501,23633,68.595,,2021-02-24,2.0,19348.0,56.158
180,Sao Tome and Principe,STP,AFRO,REPORTING,2023-05-07,262837.0,140256,119.93,63.997,111986,51.098,,2021-03-15,2.0,34494.0,15.739
181,Saudi Arabia,SAU,EMRO,REPORTING,2023-04-25,68534631.0,27041364,196.86,77.67399999999999,25433941,73.057,,2021-01-06,10.0,16059326.0,46.129
182,Senegal,SEN,AFRO,REPORTING,2023-05-07,2936343.0,2684696,17.537,16.034000000000002,1442833,8.617,,2021-02-23,3.0,815965.0,4.873
183,Serbia,SRB,EURO,REPORTING,2023-03-05,6722671.0,3398116,97.1,49.058,3324555,47.996,,2020-12-23,5.0,0.0,0.0
184,Seychelles,SYC,AFRO,REPORTING,2023-04-09,224558.0,88520,228.332,90.008,83565,84.97,,2021-01-10,4.0,44936.0,45.691
185,Sierra Leone,SLE,AFRO,REPORTING,2023-05-21,8124614.0,5252127,101.851,65.84100000000001,4474092,56.088,,2021-03-15,2.0,865598.0,10.850999999999999
186,Singapore,SGP,WPRO,REPORTING,2023-05-30,15289876.0,5285826,261.35,90.351,5247569,89.697,,2020-12-30,4.0,4756481.0,81.303
187,Sint Eustatius,XBA,AMRO,REPORTING,2023-06-02,4319.0,1791,137.592,57.056000000000004,1686,53.711000000000006,,,,767.0,24.435
188,Sint Maarten,SXM,AMRO,REPORTING,2023-06-02,66829.0,29788,155.844,69.465,26773,62.434,,2021-02-22,3.0,9146.0,21.328000000000003
189,Slovakia,SVK,EURO,REPORTING,2023-05-14,7220974.0,2839390,132.3,52.023999999999994,2791155,51.14,,2020-12-23,7.0,1686204.0,30.895
190,Slovenia,SVN,EURO,REPORTING,2023-05-14,3009930.0,1223424,143.6,58.373000000000005,1193132,56.928000000000004,,2020-12-23,8.0,650669.0,31.045
191,Solomon Islands,SLB,WPRO,REPORTING,2023-04-30,610594.0,334834,88.89299999999999,48.747,252585,36.773,,2021-03-23,4.0,27444.0,3.995
192,Somalia,SOM,EMRO,REPORTING,2023-04-30,9443849.0,8370355,59.42100000000001,52.666000000000004,7035193,44.265,,2021-03-16,11.0,,
193,South Africa,ZAF,AFRO,REPORTING,2023-05-14,38841308.0,24209938,65.49,40.82,21038797,35.473,,2021-02-17,2.0,4377439.0,7.381
194,South Sudan,SSD,AFRO,REPORTING,2023-05-07,4312900.0,4262480,38.53,38.079,4220606,37.705,,2021-04-06,2.0,440238.0,3.9330000000000003
195,Spain,ESP,EURO,REPORTING,2023-05-14,112806846.0,41326543,238.3,87.311,37482295,79.189,,2020-12-30,4.0,26557455.0,56.108000000000004
196,Sri Lanka,LKA,SEARO,REPORTING,2022-10-30,40116590.0,17143761,187.345,80.061,14752827,68.896,,2021-01-29,6.0,8220002.0,38.387
197,Sudan,SDN,EMRO,REPORTING,2023-04-02,22598737.0,15207452,51.537,34.681,13416394,30.596999999999998,,2021-03-09,11.0,3891363.0,8.874
198,Suriname,SUR,AMRO,REPORTING,2023-06-02,554588.0,267820,94.538,45.653999999999996,237879,40.55,,2021-02-23,5.0,48889.0,8.334
199,Sweden,SWE,EURO,REPORTING,2023-05-14,23221955.0,7470334,224.9,72.334,7332646,71.001,,2020-12-23,5.0,5540679.0,53.648999999999994
200,Switzerland,CHE,EURO,REPORTING,2023-05-14,16754460.0,6096538,193.6,70.84,5722923,66.499,,2020-12-23,6.0,4995324.0,58.044
201,Syrian Arab Republic,SYR,EMRO,REPORTING,2023-04-18,5090630.0,3295630,29.088,18.831,2358365,13.475999999999999,,2021-04-01,11.0,75881.0,0.434
202,Tajikistan,TJK,EURO,REPORTING,2022-12-04,18871161.0,5311967,197.9,55.695,5170582,54.211999999999996,,2021-03-24,6.0,5200841.0,54.53
203,Thailand,THA,SEARO,REPORTING,2023-06-02,139247715.0,57644662,199.495,82.586,54175237,77.615,,2021-02-28,8.0,27427816.0,39.295
204,The United Kingdom,GBR,EURO,REPORTING,2022-09-11,151248820.0,53813491,222.8,79.068,50762968,74.586,,2020-12-21,3.0,,
205,Timor-Leste,TLS,SEARO,REPORTING,2023-06-13,2018793.0,884036,153.119,67.051,799518,60.641000000000005,,2021-04-07,4.0,335239.0,25.427
206,Togo,TGO,AFRO,REPORTING,2023-04-02,3401991.0,2246404,41.093,27.135,1554066,18.772000000000002,,2021-03-10,1.0,427804.0,5.167999999999999
207,Tokelau,TKL,WPRO,REPORTING,2022-12-05,6342.0,2203,469.778,163.185,2203,163.185,,2021-07-20,1.0,968.0,71.704
208,Tonga,TON,WPRO,REPORTING,2023-04-30,204640.0,87345,193.614,82.639,77366,73.197,,2021-04-14,2.0,38545.0,36.468
209,Trinidad and Tobago,TTO,AMRO,REPORTING,2023-06-02,1589640.0,754399,113.587,53.905,718969,51.373999999999995,,2021-02-17,5.0,174836.0,12.493
210,Tunisia,TUN,EMRO,REPORTING,2023-06-13,13253094.0,7218855,112.137,61.08,6401705,54.166000000000004,,2021-03-13,10.0,1258521.0,10.649000000000001
211,Turkey,TUR,EURO,REPORTING,2023-01-29,139694693.0,50974980,,61.919,50670345,60.935,,,3.0,27896331.0,33.547
212,Turkmenistan,TKM,EURO,REPORTING,2023-02-05,13040514.0,3359468,216.2,55.702,3358426,55.684,,2021-02-24,7.0,3171535.0,52.586000000000006
213,Turks and Caicos Islands,TCA,AMRO,REPORTING,2023-06-02,73907.0,32815,190.885,84.75399999999999,30710,79.317,,2021-01-11,1.0,7443.0,19.224
214,Tuvalu,TUV,WPRO,REPORTING,2023-02-01,26783.0,9763,227.12900000000002,82.79299999999999,9505,80.605,,2021-04-13,1.0,5745.0,48.718999999999994
215,Uganda,UGA,AFRO,REPORTING,2023-03-26,26406936.0,19488104,57.731,42.605,13043107,28.515,,2021-03-10,5.0,745313.0,1.629
216,Ukraine,UKR,EURO,REPORTING,2022-02-27,31668577.0,15774300,72.4,36.069,15153577,34.65,,2021-02-24,6.0,741197.0,1.695
217,United Arab Emirates,ARE,EMRO,REPORTING,2022-07-06,24922054.0,9991089,251.982,101.01799999999999,9792266,99.008,,,11.0,5138699.0,51.956
218,United Republic of Tanzania,TZA,AFRO,REPORTING,2023-03-12,39392419.0,34434933,65.946,57.647,32165791,53.848,,2021-07-28,3.0,,
219,United States of America,USA,AMRO,REPORTING,2023-06-02,668882018.0,267321711,202.078,80.76100000000001,227948938,68.866,,2020-12-14,4.0,116629517.0,35.235
220,Uruguay,URY,AMRO,REPORTING,2023-06-02,9023199.0,3009801,259.755,86.645,2902437,83.554,,2021-02-27,3.0,2079949.0,59.876999999999995
221,Uzbekistan,UZB,EURO,REPORTING,2023-04-16,75807715.0,21717290,226.5,64.887,18147665,54.222,,2021-04-28,9.0,15454425.0,46.175
222,Vanuatu,VUT,WPRO,REPORTING,2023-02-20,355430.0,176624,115.721,57.505,162250,52.825,,2021-06-02,3.0,16556.0,5.39
223,Venezuela (Bolivarian Republic of),VEN,AMRO,REPORTING,2023-06-02,37860994.0,22157232,133.145,77.92,14287370,50.244,,2021-02-22,6.0,651502.0,2.291
224,Viet Nam,VNM,WPRO,REPORTING,2023-06-08,266448231.0,90270583,273.733,92.73899999999999,85958364,88.309,,2021-03-08,6.0,57958886.0,59.544
225,Wallis and Futuna,WLF,WPRO,REPORTING,2023-01-23,17303.0,7150,153.859,63.578,6803,60.493,,2021-03-19,1.0,3350.0,29.788
226,Yemen,YEM,EMRO,REPORTING,2023-04-18,1275368.0,1032545,4.276,3.4619999999999997,788707,2.6439999999999997,,2021-04-20,11.0,63989.0,0.215
227,Zambia,ZMB,AFRO,REPORTING,2023-04-09,13614983.0,11637730,74.059,63.303999999999995,9147920,49.76,,2021-04-14,3.0,1137360.0,6.187
228,Zimbabwe,ZWE,AFRO,REPORTING,2023-05-14,13935112.0,7208256,93.758,48.498000000000005,5386882,36.244,,2021-02-18,4.0,2002841.0,13.475
