location,year,iso_code,Total Cases,population,"Total Cases per 100,000"
Afghanistan,2020,AFG,8443748.0,41128772,20530.027008829733
Afghanistan,2021,AFG,39510520.0,41128772,96065.40161228251
Afghanistan,2022,AFG,67741123.0,41128772,164704.9491290428
Afghanistan,2023,AFG,35081108.0,41128772,85295.78271872546
Africa,2020,OWID_AFR,292767009.0,1426736614,20520.04596554077
Africa,2021,OWID_AFR,2242424132.0,1426736614,157171.55570243186
Africa,2022,OWID_AFR,4490013369.0,1426736614,314705.1337255441
Africa,2023,OWID_AFR,2155280421.0,1426736614,151063.65112180405
Albania,2020,ALB,3611517.0,2842318,127062.38358973205
Albania,2021,ALB,50804812.0,2842318,1787442.925105495
Albania,2022,ALB,107591792.0,2842318,3785353.7851851904
Albania,2023,ALB,55057259.0,2842318,1937054.8615601773
Algeria,2020,DZA,10482230.0,44903228,23344.04555503226
Algeria,2021,DZA,57054531.0,44903228,127061.09012919961
Algeria,2022,DZA,96479048.0,44903228,214859.93835454324
Algeria,2023,DZA,44807681.0,44903228,99787.21574315325
American Samoa,2020,ASM,0.0,44295,0.0
American Samoa,2021,ASM,594.0,44295,1341.0091432441584
American Samoa,2022,ASM,2061042.0,44295,4652990.179478496
American Samoa,2023,ASM,1373334.0,44295,3100426.684727396
Andorra,2020,AND,675517.0,79843,846056.6361484414
Andorra,2021,AND,5070326.0,79843,6350370.101323849
Andorra,2022,AND,15512880.0,79843,19429229.86360733
Andorra,2023,AND,7905760.0,79843,9901631.952707186
Angola,2020,AGO,1326113.0,35588996,3726.188285839814
Angola,2021,AGO,14729111.0,35588996,41386.69997883616
Angola,2022,AGO,36787188.0,35588996,103366.74853092231
Angola,2023,AGO,17373822.0,35588996,48817.96047295068
Anguilla,2020,AIA,1049.0,15877,6607.04163255023
Anguilla,2021,AIA,129088.0,15877,813050.3243685835
Anguilla,2022,AIA,1183015.0,15877,7451124.26780878
Anguilla,2023,AIA,644160.0,15877,4057189.645399005
Antigua and Barbuda,2020,ATG,22547.0,93772,24044.49089280382
Antigua and Barbuda,2021,ATG,684001.0,93772,729429.8937849251
Antigua and Barbuda,2022,ATG,2973620.0,93772,3171117.177835601
Antigua and Barbuda,2023,ATG,1502490.0,93772,1602279.9982937337
Argentina,2020,ARG,156512035.0,45510324,343904.46220510313
Argentina,2021,ARG,1471656467.0,45510324,3233676.092923443
Argentina,2022,ARG,3360109943.0,45510324,7383181.7655264335
Argentina,2023,ARG,1656211105.0,45510324,3639198.6684164237
Armenia,2020,ARM,14552901.0,2780472,523396.78299224016
Armenia,2021,ARM,86241547.0,2780472,3101687.303450637
Armenia,2022,ARM,154304332.0,2780472,5549573.309855306
Armenia,2023,ARM,73870481.0,2780472,2656760.47088408
Aruba,2020,ABW,558468.0,106459,524585.0515221823
Aruba,2021,ABW,4325845.0,106459,4063390.60107647
Aruba,2022,ABW,14048103.0,106459,13195787.110530816
Aruba,2023,ABW,7272424.0,106459,6831196.986633351
Asia,2020,OWID_ASI,2111093353.0,4721383370,44713.44916437066
Asia,2021,OWID_ASI,19709385277.0,4721383370,417449.37304254534
Asia,2022,OWID_ASI,57424287548.0,4721383370,1216259.7918414746
Asia,2023,OWID_ASI,48601319206.0,4721383370,1029387.266342661
Australia,2020,AUS,5043709.0,26177410,19267.410335858283
Australia,2021,AUS,28234271.0,26177410,107857.38925279469
Australia,2022,AUS,2586678271.0,26177410,9881337.653343093
Australia,2023,AUS,1837002134.0,26177410,7017509.119504183
Austria,2020,AUT,20850385.0,8939617,233235.77508969343
Austria,2021,AUT,246965710.0,8939617,2762598.3305548774
Austria,2022,AUT,1539834661.0,8939617,17224839.285620403
Austria,2023,AUT,981795647.0,8939617,10982524.721137382
Azerbaijan,2020,AZE,12512631.0,10358078,120800.70260138996
Azerbaijan,2021,AZE,137039996.0,10358078,1323025.3334643743
Azerbaijan,2022,AZE,286676807.0,10358078,2767664.107182819
Azerbaijan,2023,AZE,136882632.0,10358078,1321506.09408425
Bahamas,2020,BHS,762513.0,409989,185983.77029627623
Bahamas,2021,BHS,5352732.0,409989,1305579.4179843848
Bahamas,2022,BHS,12821276.0,409989,3127224.3889470203
Bahamas,2023,BHS,6221028.0,409989,1517364.6122213034
Bahrain,2020,BHR,12839855.0,1472237,872132.3401055672
Bahrain,2021,BHR,79477421.0,1472237,5398412.1442403635
Bahrain,2022,BHR,216515516.0,1472237,14706566.673708105
Bahrain,2023,BHR,114941310.0,1472237,7807255.896978543
Bangladesh,2020,BGD,68809580.0,171186368,40195.712312793505
Bangladesh,2021,BGD,387484115.0,171186368,226352.20288101444
Bangladesh,2022,BGD,714519380.0,171186368,417392.6863148355
Bangladesh,2023,BGD,336291054.0,171186368,196447.33276892704
Barbados,2020,BRB,44605.0,281646,15837.256698124596
Barbados,2021,BRB,2875266.0,281646,1020879.4018022624
Barbados,2022,BRB,29327993.0,281646,10413069.24295037
Barbados,2023,BRB,17641789.0,281646,6263816.635066715
Belarus,2020,BLR,20245369.0,9534956,212327.8702072668
Belarus,2021,BLR,158155029.0,9534956,1658686.5109812778
Belarus,2022,BLR,346714289.0,9534956,3636244.2469582446
Belarus,2023,BLR,164016105.0,9534956,1720155.8664769926
Belgium,2020,BEL,54224978.0,11655923,465213.9345807278
Belgium,2021,BEL,410695672.0,11655923,3523493.351834943
Belgium,2022,BEL,1496399302.0,11655923,12838102.156302853
Belgium,2023,BEL,784534099.0,11655923,6730776.267139033
Belize,2020,BLZ,556359.0,405285,137275.99096931788
Belize,2021,BLZ,6220900.0,405285,1534944.54519659
Belize,2022,BLZ,22465622.0,405285,5543166.413758219
Belize,2023,BLZ,11663566.0,405285,2877867.6733656563
Benin,2020,BEN,460408.0,13352864,3448.0093558954845
Benin,2021,BEN,4641040.0,13352864,34756.88811029604
Benin,2022,BEN,9905203.0,13352864,74180.36310412508
Benin,2023,BEN,4620959.0,13352864,34606.50089748536
Bermuda,2020,BMU,51040.0,64207,79492.89018331334
Bermuda,2021,BMU,1075087.0,64207,1674407.7748532093
Bermuda,2022,BMU,5530655.0,64207,8613788.216238104
Bermuda,2023,BMU,3104204.0,64207,4834681.576775118
Bhutan,2020,BTN,53205.0,782457,6799.734681905843
Bhutan,2021,BTN,674167.0,782457,86160.26184186479
Bhutan,2022,BTN,17357493.0,782457,2218331.8699941337
Bhutan,2023,BTN,10334279.0,782457,1320747.2103898362
Bolivia,2020,BOL,22310698.0,12224114,182513.82472382046
Bolivia,2021,BOL,143937862.0,12224114,1177491.1621406672
Bolivia,2022,BOL,356874872.0,12224114,2919433.4411475547
Bolivia,2023,BOL,196687687.0,12224114,1609013.8475475605
Bonaire Sint Eustatius and Saba,2020,BES,17002.0,27052,62849.3272216472
Bonaire Sint Eustatius and Saba,2021,BES,594267.0,27052,2196758.0955197397
Bonaire Sint Eustatius and Saba,2022,BES,3532345.0,27052,13057611.267189117
Bonaire Sint Eustatius and Saba,2023,BES,1953609.0,27052,7221680.467248263
Bosnia and Herzegovina,2020,BIH,7943118.0,3233530,245648.50179215902
Bosnia and Herzegovina,2021,BIH,73517775.0,3233530,2273607.3269770187
Bosnia and Herzegovina,2022,BIH,138555958.0,3233530,4284975.181921924
Bosnia and Herzegovina,2023,BIH,66379762.0,3233530,2052857.4653706632
Botswana,2020,BWA,928131.0,2630300,35286.12705775007
Botswana,2021,BWA,37397889.0,2630300,1421810.7820400714
Botswana,2022,BWA,112616438.0,2630300,4281505.455651447
Botswana,2023,BWA,54387331.0,2630300,2067723.491616926
Brazil,2020,BRA,875661710.0,215313504,406691.4957642415
Brazil,2021,BRA,6175907136.0,215313504,2868332.4646465275
Brazil,2022,BRA,11550919390.0,215313504,5364698.068357106
Brazil,2023,BRA,6129515700.0,215313504,2846786.4700209424
British Virgin Islands,2020,VGB,10136.0,31332,32350.312779267206
British Virgin Islands,2021,VGB,496841.0,31332,1585730.2438401633
British Virgin Islands,2022,VGB,2435004.0,31332,7771620.068939105
British Virgin Islands,2023,VGB,1205325.0,31332,3846945.614707009
Brunei,2020,BRN,41087.0,449002,9150.738749493321
Brunei,2021,BRN,1451042.0,449002,323170.4981269571
Brunei,2022,BRN,60606923.0,449002,13498140.988236133
Brunei,2023,BRN,47181968.0,449002,10508186.60050512
Bulgaria,2020,BGR,10894779.0,6781955,160643.63446823225
Bulgaria,2021,BGR,158374903.0,6781955,2335239.661719961
Bulgaria,2022,BGR,424978340.0,6781955,6266310.230604597
Bulgaria,2023,BGR,214514429.0,6781955,3163017.581213677
Burkina Faso,2020,BFA,487201.0,22673764,2148.743367003379
Burkina Faso,2021,BFA,4893524.0,22673764,21582.318665749543
Burkina Faso,2022,BFA,7700474.0,22673764,33962.0452960523
Burkina Faso,2023,BFA,3638486.0,22673764,16047.119481352987
Burundi,2020,BDI,99171.0,12889583,769.3887381771776
Burundi,2021,BDI,3467628.0,12889583,26902.561549120714
Burundi,2022,BDI,16115395.0,12889583,125026.50396060136
Burundi,2023,BDI,8828296.0,12889583,68491.71148515822
Cambodia,2020,KHM,63081.0,16767851,376.2020547534684
Cambodia,2021,KHM,20841765.0,16767851,124295.9816377185
Cambodia,2022,KHM,49107515.0,16767851,292867.0764071079
Cambodia,2023,KHM,22888517.0,16767851,136502.38781344134
Cameroon,2020,CMR,4253994.0,27914542,15239.347290741864
Cameroon,2021,CMR,27242394.0,27914542,97592.12241418827
Cameroon,2022,CMR,44093061.0,27914542,157957.3148647755
Cameroon,2023,CMR,20574295.0,27914542,73704.576632495
Canada,2020,CAN,46570299.0,38454328,121105.48128678779
Canada,2021,CAN,485895581.0,38454328,1263565.3937314937
Canada,2022,CAN,1400380175.0,38454328,3641671.1663769027
Canada,2023,CAN,760837466.0,38454328,1978548.3340132742
Cape Verde,2020,CPV,1209474.0,593162,203902.8123851494
Cape Verde,2021,CPV,10432055.0,593162,1758719.371773647
Cape Verde,2022,CPV,21543353.0,593162,3631950.967863754
Cape Verde,2023,CPV,10462685.0,593162,1763883.2224586199
Cayman Islands,2020,CYM,52878.0,68722,76944.79206076656
Cayman Islands,2021,CYM,555741.0,68722,808679.8987223888
Cayman Islands,2022,CYM,9213372.0,68722,13406728.558540206
Cayman Islands,2023,CYM,5192880.0,68722,7556357.498326591
Central African Republic,2020,CAF,1114885.0,5579148,19983.069099439555
Central African Republic,2021,CAF,3543300.0,5579148,63509.69717956936
Central African Republic,2022,CAF,5341897.0,5579148,95747.54066391499
Central African Republic,2023,CAF,2535498.0,5579148,45445.97132035214
Chad,2020,TCD,276308.0,17723312,1559.0088353689198
Chad,2021,TCD,1706683.0,17723312,9629.594062328757
Chad,2022,TCD,2696638.0,17723312,15215.203569174882
Chad,2023,TCD,1267151.0,17723312,7149.628692424983
Chile,2020,CHL,91061881.0,19603736,464512.89182837395
Chile,2021,CHL,495212092.0,19603736,2526110.7984722913
Chile,2022,CHL,1412607591.0,19603736,7205808.071481884
Chile,2023,CHL,859288278.0,19603736,4383288.358912812
China,2020,CHN,28554975.0,1425887360,2002.6108513929178
China,2021,CHN,41876315.0,1425887360,2936.859963468643
China,2022,CHN,2327596150.0,1425887360,163238.43069904202
China,2023,CHN,16266619505.0,1425887360,1140806.7678641882
Colombia,2020,COL,152074226.0,51874028,293160.6275109386
Colombia,2021,COL,1379107584.0,51874028,2658570.458418999
Colombia,2022,COL,2239296658.0,51874028,4316797.334496561
Colombia,2023,COL,1049513056.0,51874028,2023195.607636253
Comoros,2020,COM,81497.0,836783,9739.323098103092
Comoros,2021,COM,1386059.0,836783,165641.39089823767
Comoros,2022,COM,3031346.0,836783,362261.9006361267
Comoros,2023,COM,1494250.0,836783,178570.78836448636
Congo,2020,COG,901245.0,5970430,15095.143900858064
Congo,2021,COG,4689470.0,5970430,78544.92892471731
Congo,2022,COG,8896132.0,5970430,149003.20412432606
Congo,2023,COG,4146997.0,5970430,69458.93344365481
Cook Islands,2020,COK,0.0,17032,0.0
Cook Islands,2021,COK,0.0,17032,0.0
Cook Islands,2022,COK,1629063.0,17032,9564719.351808362
Cook Islands,2023,COK,1160511.0,17032,6813709.488022546
Costa Rica,2020,CRI,14205172.0,5180836,274186.8686829693
Costa Rica,2021,CRI,135341686.0,5180836,2612352.2535745194
Costa Rica,2022,CRI,348708649.0,5180836,6730740.926753906
Costa Rica,2023,CRI,199831054.0,5180836,3857119.854787914
Cote d'Ivoire,2020,CIV,3692229.0,28160548,13111.353514853474
Cote d'Ivoire,2021,CIV,17618523.0,28160548,62564.56017830335
Cote d'Ivoire,2022,CIV,30661186.0,28160548,108879.93372856239
Cote d'Ivoire,2023,CIV,14553544.0,28160548,51680.613601695535
Croatia,2020,HRV,9711138.0,4030361,240949.58243194592
Croatia,2021,HRV,136038767.0,4030361,3375349.4289965588
Croatia,2022,HRV,414502728.0,4030361,10284506.226613447
Croatia,2023,HRV,209578821.0,4030361,5200001.215771986
Cuba,2020,CUB,1188922.0,11212198,10603.82629703828
Cuba,2021,CUB,149569925.0,11212198,1333992.8977351275
Cuba,2022,CUB,398670401.0,11212198,3555684.6302571534
Cuba,2023,CUB,183632396.0,11212198,1637791.2341540882
Curacao,2020,CUW,177853.0,191173,93032.48889749075
Curacao,2021,CUW,4420685.0,191173,2312400.286651358
Curacao,2022,CUW,15467297.0,191173,8090733.000999096
Curacao,2023,CUW,7555039.0,191173,3951938.2967260024
Cyprus,2020,CYP,987156.0,896007,110172.79998928579
Cyprus,2021,CYP,31025383.0,896007,3462627.3009027834
Cyprus,2022,CYP,177539778.0,896007,19814552.564879514
Cyprus,2023,CYP,107529071.0,896007,12000918.631216051
Czechia,2020,CZE,40600155.0,10493990,386889.5910897571
Czechia,2021,CZE,595895053.0,10493990,5678441.212541655
Czechia,2022,CZE,1503082103.0,10493990,14323266.012260351
Czechia,2023,CZE,762231831.0,10493990,7263508.265207038
Democratic Republic of Congo,2020,COD,2237410.0,99010216,2259.7769102937823
Democratic Republic of Congo,2021,COD,15407463.0,99010216,15561.4881195694
Democratic Republic of Congo,2022,COD,32881204.0,99010216,33209.91037934914
Democratic Republic of Congo,2023,COD,15844285.0,99010216,16002.676935883062
Denmark,2020,DNK,9051547.0,5882259,153878.7564437404
Denmark,2021,DNK,116284057.0,5882259,1976860.5394628153
Denmark,2022,DNK,1082798184.0,5882259,18407863.10157373
Denmark,2023,DNK,562004672.0,5882259,9554232.005085122
Djibouti,2020,DJI,1195546.0,1120851,106664.13287760816
Djibouti,2021,DJI,3870120.0,1120851,345284.07433280605
Djibouti,2022,DJI,5683498.0,1120851,507069.8959986653
Djibouti,2023,DJI,2588850.0,1120851,230971.82408723375
Dominica,2020,DMA,9183.0,72758,12621.292503917095
Dominica,2021,DMA,618062.0,72758,849476.346243712
Dominica,2022,DMA,4915837.0,72758,6756421.28700624
Dominica,2023,DMA,2600400.0,72758,3574039.9681134718
Dominican Republic,2020,DOM,20994253.0,11228821,186967.56320187132
Dominican Republic,2021,DOM,113392186.0,11228821,1009831.6288059093
Dominican Republic,2022,DOM,220192331.0,11228821,1960956.8181735198
Dominican Republic,2023,DOM,109015397.0,11228821,970853.4582571046
Ecuador,2020,ECU,28024103.0,18001002,155680.7948801961
Ecuador,2021,ECU,153704466.0,18001002,853866.1681166415
Ecuador,2022,ECU,330193464.0,18001002,1834306.0236313513
Ecuador,2023,ECU,174523274.0,18001002,969519.77451033
Egypt,2020,EGY,20871537.0,110990096,18804.86435474387
Egypt,2021,EGY,95923025.0,110990096,86424.8509164277
Egypt,2022,EGY,182070406.0,110990096,164042.02947981955
Egypt,2023,EGY,85113064.0,110990096,76685.27829726358
El Salvador,2020,SLV,5352790.0,6336393,84476.92559473505
El Salvador,2021,SLV,30553747.0,6336393,482194.6334452424
El Salvador,2022,SLV,63646151.0,6336393,1004453.9693166127
El Salvador,2023,SLV,33294525.0,6336393,525449.1790518676
England,2020,OWID_ENG,0.0,56550000,0.0
England,2021,OWID_ENG,0.0,56550000,0.0
England,2022,OWID_ENG,0.0,56550000,0.0
England,2023,OWID_ENG,0.0,56550000,0.0
Equatorial Guinea,2020,GNQ,1020090.0,1674916,60903.94981002032
Equatorial Guinea,2021,GNQ,3366189.0,1674916,200976.5862885064
Equatorial Guinea,2022,GNQ,5962315.0,1674916,355976.9564563238
Equatorial Guinea,2023,GNQ,2824985.0,1674916,168664.2792832596
Eritrea,2020,ERI,85065.0,3684041,2309.0133904590098
Eritrea,2021,ERI,1853708.0,3684041,50317.24674073932
Eritrea,2022,ERI,3593923.0,3684041,97553.82744111697
Eritrea,2023,ERI,1681185.0,3684041,45634.26411378158
Estonia,2020,EST,1359021.0,1326064,102485.32499185558
Estonia,2021,EST,48405438.0,1326064,3650309.3365026126
Estonia,2022,EST,200142709.0,1326064,15092990.157337805
Estonia,2023,EST,101675666.0,1326064,7667478.040275583
Eswatini,2020,SWZ,922446.0,1201680,76763.03175554224
Eswatini,2021,SWZ,10734382.0,1201680,893281.2395978963
Eswatini,2022,SWZ,26209617.0,1201680,2181081.236269223
Eswatini,2023,SWZ,12271894.0,1201680,1021228.1139737702
Ethiopia,2020,ETH,12716307.0,123379928,10306.625401823869
Ethiopia,2021,ETH,98535296.0,123379928,79863.31131592166
Ethiopia,2022,ETH,175545384.0,123379928,142280.3423908628
Ethiopia,2023,ETH,82531373.0,123379928,66892.05800152518
Europe,2020,OWID_EUR,1723870254.0,744807803,231451.69090018247
Europe,2021,OWID_EUR,18347153840.0,744807803,2463340.712342134
Europe,2022,OWID_EUR,72012642475.0,744807803,9668620.8421745
Europe,2023,OWID_EUR,40776182672.0,744807803,5474725.493980895
European Union,2020,OWID_EUN,1084735555.0,450146793,240973.7383156254
European Union,2021,OWID_EUN,11920465883.0,450146793,2648128.5812470512
European Union,2022,OWID_EUN,51783443170.0,450146793,11503679.238696698
European Union,2023,OWID_EUN,30154530768.0,450146793,6698821.637056514
Faeroe Islands,2020,FRO,95009.0,53117,178867.4059152437
Faeroe Islands,2021,FRO,486682.0,53117,916245.2698759342
Faeroe Islands,2022,FRO,11737814.0,53117,22098036.410188828
Faeroe Islands,2023,FRO,5718570.0,53117,10765988.290001318
Falkland Islands,2020,FLK,3737.0,3801,98316.23257037622
Falkland Islands,2021,FLK,22008.0,3801,579005.5248618785
Falkland Islands,2022,FLK,443440.0,3801,11666403.578005787
Falkland Islands,2023,FLK,317295.0,3801,8347671.665351222
Fiji,2020,FJI,7598.0,929769,817.1922273166775
Fiji,2021,FJI,8096284.0,929769,870784.4636678572
Fiji,2022,FJI,24015516.0,929769,2582955.1211107275
Fiji,2023,FJI,11366441.0,929769,1222501.6106151098
Finland,2020,FIN,3261507.0,5540745,58864.05167536135
Finland,2021,FIN,40293390.0,5540745,727219.7150383206
Finland,2022,FIN,392278125.0,5540745,7079880.503434104
Finland,2023,FIN,242204194.0,5540745,4371329.018029164
France,2020,FRA,200179636.0,67813000,295193.6000471886
France,2021,FRA,2043491434.0,67813000,3013421.3705336736
France,2022,FRA,10640233803.0,67813000,15690551.668559127
France,2023,FRA,6382534363.0,67813000,9411962.843407607
French Guiana,2020,GUF,1814456.0,304568,595747.4192955268
French Guiana,2021,GUF,10582510.0,304568,3474596.805967797
French Guiana,2022,GUF,31328761.0,304568,10286294.357910221
French Guiana,2023,GUF,16174501.0,304568,5310637.033437525
French Polynesia,2020,PYF,1008227.0,306292,329171.83602575323
French Polynesia,2021,PYF,10432527.0,306292,3406072.3100831886
French Polynesia,2022,PYF,25951023.0,306292,8472641.466313193
French Polynesia,2023,PYF,12908724.0,306292,4214515.560314993
Gabon,2020,GAB,1700989.0,2388997,71200.9684398934
Gabon,2021,GAB,9019264.0,2388997,377533.50046065357
Gabon,2022,GAB,17495476.0,2388997,732335.6203461118
Gabon,2023,GAB,8082617.0,2388997,338326.7957222215
Gambia,2020,GMB,509328.0,2705995,18822.207727656558
Gambia,2021,GMB,2652368.0,2705995,98018.21511126222
Gambia,2022,GMB,4432171.0,2705995,163790.80523060833
Gambia,2023,GMB,2080440.0,2705995,76882.62542983265
Georgia,2020,GEO,9272451.0,3744385,247636.1538677246
Georgia,2021,GEO,169867567.0,3744385,4536594.580952547
Georgia,2022,GEO,597797338.0,3744385,15965167.524172861
Georgia,2023,GEO,302118016.0,3744385,8068561.7531316895
Germany,2020,DEU,115900878.0,83369840,139020.15165196432
Germany,2021,DEU,1377811933.0,83369840,1652650.326544947
Germany,2022,DEU,9665295215.0,83369840,11593275.475879528
Germany,2023,DEU,6295829438.0,83369840,7551687.082522888
Ghana,2020,GHA,8738315.0,33475870,26103.324573790014
Ghana,2021,GHA,37685446.0,33475870,112574.95622966634
Ghana,2022,GHA,60129030.0,33475870,179619.02110385778
Ghana,2023,GHA,28279103.0,33475870,84476.08083075959
Gibraltar,2020,GIB,113861.0,32677,348443.8595954341
Gibraltar,2021,GIB,1821723.0,32677,5574939.559935123
Gibraltar,2022,GIB,6575713.0,32677,20123368.11824831
Gibraltar,2023,GIB,3377710.0,32677,10336658.812008446
Greece,2020,GRC,7838755.0,10384972,75481.71530939131
Greece,2021,GRC,177097304.0,10384972,1705322.8838748916
Greece,2022,GRC,1418281786.0,10384972,13657059.316096375
Greece,2023,GRC,977948367.0,10384972,9416957.185825827
Greenland,2020,GRL,4053.0,56494,7174.213190781322
Greenland,2021,GRL,138381.0,56494,244948.136085248
Greenland,2022,GRL,4196793.0,56494,7428741.1052501155
Greenland,2023,GRL,1975215.0,56494,3496327.0435798494
Grenada,2020,GRD,8185.0,125459,6524.043711491404
Grenada,2021,GRD,658697.0,125459,525029.6909747408
Grenada,2022,GRD,6114148.0,125459,4873423.19004615
Grenada,2023,GRD,3247943.0,125459,2588848.1495946883
Guadeloupe,2020,GLP,843363.0,395762,213098.52891384216
Guadeloupe,2021,GLP,10350117.0,395762,2615237.6933611617
Guadeloupe,2022,GLP,59074678.0,395762,14926819.14888241
Guadeloupe,2023,GLP,33346562.0,395762,8425913.048751522
Guam,2020,GUM,599960.0,171783,349254.5828166932
Guam,2021,GUM,3620414.0,171783,2107550.8053765506
Guam,2022,GUM,15338959.0,171783,8929264.828300823
Guam,2023,GUM,8405449.0,171783,4893062.1772818025
Guatemala,2020,GTM,16332834.0,17843914,91531.67853196333
Guatemala,2021,GTM,131050253.0,17843914,734425.490954507
Guatemala,2022,GTM,346087709.0,17843914,1939528.0037776467
Guatemala,2023,GTM,204294978.0,17843914,1144900.037065859
Guernsey,2020,GGY,70637.0,63329,111539.73692936885
Guernsey,2021,GGY,550333.0,63329,869006.300431082
Guernsey,2022,GGY,9248014.0,63329,14603126.529709928
Guernsey,2023,GGY,5783555.0,63329,9132553.806313064
Guinea,2020,GIN,2134139.0,13859349,15398.55154812827
Guinea,2021,GIN,8824969.0,13859349,63675.2058123365
Guinea,2022,GIN,13543728.0,13859349,97722.68524300816
Guinea,2023,GIN,6337048.0,13859349,45723.99468402159
Guinea-Bissau,2020,GNB,486139.0,2105580,23088.127736775616
Guinea-Bissau,2021,GNB,1655786.0,2105580,78637.99998100285
Guinea-Bissau,2022,GNB,3045225.0,2105580,144626.42122360584
Guinea-Bissau,2023,GNB,1532513.0,2105580,72783.41359625377
Guyana,2020,GUY,536160.0,808727,66296.78494720715
Guyana,2021,GUY,7670932.0,808727,948519.3396535543
Guyana,2022,GUY,24109606.0,808727,2981179.804804341
Guyana,2023,GUY,12049416.0,808727,1489923.793814229
Haiti,2020,HTI,1695913.0,11585003,14638.865436633896
Haiti,2021,HTI,6562333.0,11585003,56645.06949199754
Haiti,2022,HTI,11600812.0,11585003,100136.46090553452
Haiti,2023,HTI,5639057.0,11585003,48675.49020056361
High income,2020,OWID_HIC,3398940166.0,1250514600,271803.31729033793
High income,2021,OWID_HIC,30364762737.0,1250514600,2428181.3852473213
High income,2022,OWID_HIC,114150275056.0,1250514600,9128264.080723248
High income,2023,OWID_HIC,68785914491.0,1250514600,5500608.668703268
Honduras,2020,HND,14179159.0,10432858,135908.67430573676
Honduras,2021,HND,97999482.0,10432858,939334.9550046594
Honduras,2022,HND,157907607.0,10432858,1513560.3973522882
Honduras,2023,HND,77824529.0,10432858,745955.9882824054
Hong Kong,2020,HKG,0.0,7488863,0.0
Hong Kong,2021,HKG,0.0,7488863,0.0
Hong Kong,2022,HKG,0.0,7488863,0.0
Hong Kong,2023,HKG,0.0,7488863,0.0
Hungary,2020,HUN,15550961.0,9967304,156019.7321161269
Hungary,2021,HUN,276201654.0,9967304,2771076.8528781706
Hungary,2022,HUN,702123560.0,9967304,7044267.537139432
Hungary,2023,HUN,362579406.0,9967304,3637687.8441753155
Iceland,2020,ISL,771687.0,372903,206940.41077706532
Iceland,2021,ISL,3188162.0,372903,854957.4554240648
Iceland,2022,ISL,63656651.0,372903,17070565.53580958
Iceland,2023,ISL,34479218.0,372903,9246162.675012
India,2020,IND,1074019421.0,1417173120,75786.0423573374
India,2021,IND,9190544557.0,1417173120,648512.4807475886
India,2022,IND,15783389695.0,1417173120,1113723.4733184893
India,2023,IND,7390667596.0,1417173120,521507.74606845493
Indonesia,2020,IDN,60573661.0,275501344,21986.702540369457
Indonesia,2021,IDN,987829680.0,275501344,358557.1183275244
Indonesia,2022,IDN,2186372762.0,275501344,793597.8570035578
Indonesia,2023,IDN,1114747983.0,275501344,404625.24313493003
Iran,2020,IRN,116680920.0,88550568,131767.5568156717
Iran,2021,IRN,1333989139.0,88550568,1506471.5779124082
Iran,2022,IRN,2639756470.0,88550568,2981072.31790992
Iran,2023,IRN,1251724145.0,88550568,1413569.8655258769
Iraq,2020,IRQ,64023478.0,44496124,143885.51685985053
Iraq,2021,IRQ,511219404.0,44496124,1148907.7205915733
Iraq,2022,IRQ,863752919.0,44496124,1941186.8750635448
Iraq,2023,IRQ,406814925.0,44496124,914270.4766824185
Ireland,2020,IRL,10358901.0,5023108,206224.93085953954
Ireland,2021,IRL,118880186.0,5023108,2366665.9367069155
Ireland,2022,IRL,555942751.0,5023108,11067704.516805133
Ireland,2023,IRL,281489182.0,5023108,5603884.726348707
Isle of Man,2020,IMN,91904.0,84534,108718.38550169162
Isle of Man,2021,IMN,1652918.0,84534,1955329.2166465563
Isle of Man,2022,IMN,11913905.0,84534,14093625.050275628
Isle of Man,2023,IMN,6271320.0,84534,7418695.436155866
Israel,2020,ISR,41103875.0,9449000,435007.67276960524
Israel,2021,ISR,353060859.0,9449000,3736489.1417081174
Israel,2022,ISR,1500758159.0,9449000,15882719.43062758
Israel,2023,ISR,792975436.0,9449000,8392162.514551805
Italy,2020,ITA,149270941.0,59037472,252841.01087526244
Italy,2021,ITA,1486043051.0,59037472,2517118.366789147
Italy,2022,ITA,6698386858.0,59037472,11345992.013343662
Italy,2023,ITA,4231891649.0,59037472,7168145.087580985
Jamaica,2020,JAM,1134302.0,2827382,40118.455871898455
Jamaica,2021,JAM,20118187.0,2827382,711548.2449842292
Jamaica,2022,JAM,50769570.0,2827382,1795638.8630896
Jamaica,2023,JAM,25454491.0,2827382,900284.8217892029
Japan,2020,JPN,18192639.0,123951696,14677.200544315263
Japan,2021,JPN,366241338.0,123951696,295471.0180004314
Japan,2022,JPN,4740416950.0,123951696,3824406.6866176645
Japan,2023,JPN,5449474750.0,123951696,4396450.331748587
Jersey,2020,JEY,152537.0,110796,137673.74273439473
Jersey,2021,JEY,2524763.0,110796,2278749.2328242897
Jersey,2022,JEY,18786240.0,110796,16955702.371926785
Jersey,2023,JEY,10948123.0,110796,9881334.16368822
Jordan,2020,JOR,13788015.0,11285875,122170.54503970672
Jordan,2021,JOR,256305417.0,11285875,2271028.3163689123
Jordan,2022,JOR,600946305.0,11285875,5324764.849867644
Jordan,2023,JOR,288254505.0,11285875,2554117.469846157
Kazakhstan,2020,KAZ,25676003.0,19397998,132364.19036644915
Kazakhstan,2021,KAZ,221619527.0,19397998,1142486.5957816883
Kazakhstan,2022,KAZ,514872715.0,19397998,2654256.9753847793
Kazakhstan,2023,KAZ,247468109.0,19397998,1275740.4604330817
Kenya,2020,KEN,8789044.0,54027484,16267.727736497964
Kenya,2021,KEN,68131905.0,54027484,126106.01115535937
Kenya,2022,KEN,120740757.0,54027484,223480.25127359256
Kenya,2023,KEN,56586726.0,54027484,104736.92611708514
Kiribati,2020,KIR,0.0,131237,0.0
Kiribati,2021,KIR,0.0,131237,0.0
Kiribati,2022,KIR,1070568.0,131237,815751.6554020589
Kiribati,2023,KIR,814246.0,131237,620439.3578030586
Kosovo,2020,OWID_KOS,3864425.0,1782115,216844.87252506154
Kosovo,2021,OWID_KOS,42002410.0,1782115,2356885.4984105965
Kosovo,2022,OWID_KOS,88091406.0,1782115,4943082.012103596
Kosovo,2023,OWID_KOS,45092847.0,1782115,2530299.5036796164
Kuwait,2020,KWT,20689380.0,4268886,484655.2472940247
Kuwait,2021,KWT,117568595.0,4268886,2754081.3926630975
Kuwait,2022,KWT,229344805.0,4268886,5372474.341081022
Kuwait,2023,KWT,109655089.0,4268886,2568705.020466698
Kyrgyzstan,2020,KGZ,9489407.0,6630621,143114.90582857927
Kyrgyzstan,2021,KGZ,48814686.0,6630621,736200.8173895024
Kyrgyzstan,2022,KGZ,73792191.0,6630621,1112900.1491715482
Kyrgyzstan,2023,KGZ,34113871.0,6630621,514489.8343609143
Laos,2020,LAO,6425.0,7529477,85.33129193435347
Laos,2021,LAO,6701054.0,7529477,88997.60235671084
Laos,2022,LAO,70706807.0,7529477,939066.6443366518
Laos,2023,LAO,35977984.0,7529477,477828.46006435767
Latvia,2020,LVA,1518570.0,1850654,82055.8570105487
Latvia,2021,LVA,52364195.0,1850654,2829496.7616853286
Latvia,2022,LVA,291922148.0,1850654,15773999.24567207
Latvia,2023,LVA,161135393.0,1850654,8706943.22115317
Lebanon,2020,LBN,10876951.0,5489744,198132.20798638335
Lebanon,2021,LBN,192122541.0,5489744,3499663.0261811847
Lebanon,2022,LBN,408030795.0,5489744,7432601.502000822
Lebanon,2023,LBN,203437966.0,5489744,3705782.3825664734
Lesotho,2020,LSO,265176.0,2305826,11500.260644124925
Lesotho,2021,LSO,5235314.0,2305826,227047.22732764747
Lesotho,2022,LSO,12272139.0,2305826,532223.1165751448
Lesotho,2023,LSO,5690850.0,2305826,246803.0978920352
Liberia,2020,LBR,281831.0,5302690,5314.868491275182
Liberia,2021,LBR,1446652.0,5302690,27281.474119739225
Liberia,2022,LBR,2783507.0,5302690,52492.35765243678
Liberia,2023,LBR,1333729.0,5302690,25151.932321142667
Libya,2020,LBY,7497377.0,6812344,110055.76054292032
Libya,2021,LBY,86541456.0,6812344,1270362.3892158119
Libya,2022,LBY,179821033.0,6812344,2639635.241555623
Libya,2023,LBY,83689471.0,6812344,1228497.4305466665
Liechtenstein,2020,LIE,108941.0,39355,276816.1605895058
Liechtenstein,2021,LIE,1222831.0,39355,3107180.790242663
Liechtenstein,2022,LIE,6210445.0,39355,15780574.259941557
Liechtenstein,2023,LIE,3535098.0,39355,8982589.251683395
Lithuania,2020,LTU,4949738.0,2750058,179986.67664463804
Lithuania,2021,LTU,107989762.0,2750058,3926817.6162102763
Lithuania,2022,LTU,407100783.0,2750058,14803352.620199284
Lithuania,2023,LTU,216010660.0,2750058,7854767.426723363
Low income,2020,OWID_LIC,46837561.0,737604900,6349.952528786075
Low income,2021,OWID_LIC,400808377.0,737604900,54339.16952015911
Low income,2022,OWID_LIC,793775651.0,737604900,107615.28983877412
Low income,2023,OWID_LIC,377873240.0,737604900,51229.76270900587
Lower middle income,2020,OWID_LMC,1740322967.0,3432097300,50707.27356709846
Lower middle income,2021,OWID_LMC,15903241351.0,3432097300,463368.02138447535
Lower middle income,2022,OWID_LMC,32940752601.0,3432097300,959784.928038025
Lower middle income,2023,OWID_LMC,16019224426.0,3432097300,466747.3858040097
Luxembourg,2020,LUX,3265460.0,647601,504239.4931446987
Luxembourg,2021,LUX,25812144.0,647601,3985809.7810225743
Luxembourg,2022,LUX,90946548.0,647601,14043608.33290869
Luxembourg,2023,LUX,52439642.0,647601,8097523.320686658
Macao,2021,MAC,0.0,695180,0.0
Macao,2022,MAC,0.0,695180,0.0
Macao,2023,MAC,0.0,695180,0.0
Madagascar,2020,MDG,2709737.0,29611718,9150.894250715206
Madagascar,2021,MDG,13265581.0,29611718,44798.4173022315
Madagascar,2022,MDG,23584089.0,29611718,79644.44683689073
Madagascar,2023,MDG,11224607.0,29611718,37905.96344325581
Malawi,2020,MWI,977874.0,20405318,4792.250726011719
Malawi,2021,MWI,16058669.0,20405318,78698.45008051333
Malawi,2022,MWI,31523715.0,20405318,154487.74187199632
Malawi,2023,MWI,14611573.0,20405318,71606.69096164049
Malaysia,2020,MYS,6193132.0,33938216,18248.254416201486
Malaysia,2021,MYS,435828089.0,33938216,1284180.9039108008
Malaysia,2022,MYS,1589044671.0,33938216,4682169.124623404
Malaysia,2023,MYS,834418997.0,33938216,2458641.3057186035
Maldives,2020,MDV,1778480.0,523798,339535.4697803352
Maldives,2021,MDV,21539162.0,523798,4112112.3028342985
Maldives,2022,MDV,63631861.0,523798,12148167.99605955
Maldives,2023,MDV,30693225.0,523798,5859744.596199298
Mali,2020,MLI,728395.0,22593598,3223.899973789035
Mali,2021,MLI,4912011.0,22593598,21740.72053508255
Mali,2022,MLI,11355148.0,22593598,50258.25457282191
Mali,2023,MLI,5447269.0,22593598,24109.789861712154
Malta,2020,MLT,934407.0,533293,175214.56310133456
Malta,2021,MLT,11450338.0,533293,2147100.7494941805
Malta,2022,MLT,35640962.0,533293,6683185.7909254385
Malta,2023,MLT,19439448.0,533293,3645172.166145065
Marshall Islands,2020,MHL,196.0,41593,471.2331401918592
Marshall Islands,2021,MHL,1460.0,41593,3510.206044286298
Marshall Islands,2022,MHL,2066939.0,41593,4969439.569158272
Marshall Islands,2023,MHL,2611725.0,41593,6279241.699324406
Martinique,2020,MTQ,453514.0,367512,123401.14064302664
Martinique,2021,MTQ,8260871.0,367512,2247782.6574370363
Martinique,2022,MTQ,64116636.0,367512,17446134.003787633
Martinique,2023,MTQ,37832724.0,367512,10294282.63566904
Mauritania,2020,MRT,1510356.0,4736146,31889.979743023123
Mauritania,2021,MRT,9432177.0,4736146,199153.00330690818
Mauritania,2022,MRT,21995005.0,4736146,464407.24166864785
Mauritania,2023,MRT,10483188.0,4736146,221344.27443748564
Mauritius,2020,MUS,105211.0,1299478,8096.404864106972
Mauritius,2021,MUS,6616189.0,1299478,509142.05550228624
Mauritius,2022,MUS,81738169.0,1299478,6290077.1694480395
Mauritius,2023,MUS,49324332.0,1299478,3795703.505561464
Mayotte,2020,MYT,843755.0,326113,258730.86936123366
Mayotte,2021,MYT,6673085.0,326113,2046249.3062220765
Mayotte,2022,MYT,13932908.0,326113,4272417.229610595
Mayotte,2023,MYT,6932061.0,326113,2125662.270440001
Mexico,2020,MEX,161135057.0,127504120,126376.35317196025
Mexico,2021,MEX,1045982401.0,127504120,820351.8451011622
Mexico,2022,MEX,2299319965.0,127504120,1803329.9355346323
Mexico,2023,MEX,1238076795.0,127504120,971009.2466031685
Micronesia (country),2020,FSM,0.0,114178,0.0
Micronesia (country),2021,FSM,0.0,114178,0.0
Micronesia (country),2022,FSM,2512973.0,114178,2200925.747517035
Micronesia (country),2023,FSM,4130814.0,114178,3617872.094449018
Moldova,2020,MDA,12139967.0,3272993,370913.32001015585
Moldova,2021,MDA,95005611.0,3272993,2902713.5407866742
Moldova,2022,MDA,194410422.0,3272993,5939836.168302224
Moldova,2023,MDA,100899196.0,3272993,3082780.6842238894
Monaco,2020,MCO,51986.0,36491,142462.5250061659
Monaco,2021,MCO,936885.0,36491,2567441.2868926586
Monaco,2022,MCO,4736577.0,36491,12980123.86615878
Monaco,2023,MCO,2752170.0,36491,7542051.464744732
Mongolia,2020,MNG,91345.0,3398373,2687.903888125288
Mongolia,2021,MNG,79899506.0,3398373,2351110.546134871
Mongolia,2022,MNG,340253802.0,3398373,10012255.92364346
Mongolia,2023,MNG,166356922.0,3398373,4895193.140953038
Montenegro,2020,MNE,2986075.0,627082,476185.73009590455
Montenegro,2021,MNE,39043087.0,627082,6226153.35793405
Montenegro,2022,MNE,91562145.0,627082,14601303.338319391
Montenegro,2023,MNE,47718159.0,627082,7609556.485435717
Montserrat,2020,MSR,3333.0,4413,75526.85248130524
Montserrat,2021,MSR,9543.0,4413,216247.45071380015
Montserrat,2022,MSR,303937.0,4413,6887310.219805121
Montserrat,2023,MSR,231495.0,4413,5245751.189666893
Morocco,2020,MAR,31293126.0,37457976,83541.95645808519
Morocco,2021,MAR,244357795.0,37457976,652351.8382306615
Morocco,2022,MAR,439525096.0,37457976,1173381.8613157314
Morocco,2023,MAR,210025786.0,37457976,560697.1022673515
Mozambique,2020,MOZ,1612891.0,32969520,4892.066975800679
Mozambique,2021,MOZ,36464908.0,32969520,110601.87712772282
Mozambique,2022,MOZ,82782332.0,32969520,251087.46502830496
Mozambique,2023,MOZ,38448371.0,32969520,116617.92771020021
Myanmar,2020,MMR,6666145.0,54179312,12303.856866990116
Myanmar,2021,MMR,103437060.0,54179312,190916.15633657365
Myanmar,2022,MMR,221354215.0,54179312,408558.55644678546
Myanmar,2023,MMR,104783258.0,54179312,193400.86489101226
Namibia,2020,NAM,1812056.0,2567024,70589.7568546301
Namibia,2021,NAM,31416675.0,2567024,1223855.9125275027
Namibia,2022,NAM,59656180.0,2567024,2323943.212061905
Namibia,2023,NAM,28231487.0,2567024,1099774.953409084
Nauru,2020,NRU,0.0,12691,0.0
Nauru,2021,NRU,0.0,12691,0.0
Nauru,2022,NRU,859374.0,12691,6771523.126625168
Nauru,2023,NRU,854164.0,12691,6730470.412103065
Nepal,2020,NPL,21243235.0,30547586,69541.4524735277
Nepal,2021,NPL,207257019.0,30547586,678472.6590179662
Nepal,2022,NPL,356963793.0,30547586,1168549.9240430978
Nepal,2023,NPL,165313349.0,30547586,541166.6538887885
Netherlands,2020,NLD,49521980.0,17564020,281951.2845009286
Netherlands,2021,NLD,629770389.0,17564020,3585570.894362452
Netherlands,2022,NLD,2775826130.0,17564020,15804047.877422139
Netherlands,2023,NLD,1418872065.0,17564020,8078287.686987375
New Caledonia,2020,NCL,6851.0,289959,2362.747836763129
New Caledonia,2021,NCL,1151186.0,289959,397016.8196193255
New Caledonia,2022,NCL,22511836.0,289959,7763799.709614118
New Caledonia,2023,NCL,13200147.0,289959,4552418.445366414
New Zealand,2020,NZL,375883.0,5185289,7249.02700698071
New Zealand,2021,NZL,1467087.0,5185289,28293.25424291684
New Zealand,2022,NZL,433795324.0,5185289,8365885.1801702855
New Zealand,2023,NZL,363221692.0,5185289,7004849.5271912515
Nicaragua,2020,NIC,775836.0,6948395,11165.686464284197
Nicaragua,2021,NIC,2945908.0,6948395,42396.956419432114
Nicaragua,2022,NIC,5331295.0,6948395,76726.99954449914
Nicaragua,2023,NIC,2581595.0,6948395,37153.831928092746
Niger,2020,NER,328801.0,26207982,1254.5834318720151
Niger,2021,NER,2030830.0,26207982,7748.89878968934
Niger,2022,NER,3304592.0,26207982,12609.105119196129
Niger,2023,NER,1569446.0,26207982,5988.427495104354
Nigeria,2020,NGA,11144657.0,218541216,5099.567579966243
Nigeria,2021,NGA,64148861.0,218541216,29353.209510832046
Nigeria,2022,NGA,94640339.0,218541216,43305.487510420004
Nigeria,2023,NGA,43989130.0,218541216,20128.528066760642
Niue,2020,NIU,0.0,1952,0.0
Niue,2021,NIU,0.0,1952,0.0
Niue,2022,NIU,19503.0,1952,999129.0983606557
Niue,2023,NIU,123362.0,1952,6319774.590163934
North America,2020,OWID_NAM,2016352464.0,600323657,335877.5621264581
North America,2021,OWID_NAM,15570704301.0,600323657,2593718.258382744
North America,2022,OWID_NAM,37652508025.0,600323657,6272034.690946721
North America,2023,OWID_NAM,20271641481.0,600323657,3376785.379790555
North Korea,2020,PRK,0.0,26069416,0.0
North Korea,2021,PRK,0.0,26069416,0.0
North Korea,2022,PRK,0.0,26069416,0.0
North Korea,2023,PRK,0.0,26069416,0.0
North Macedonia,2020,MKD,5820927.0,2093606,278033.5459489512
North Macedonia,2021,MKD,57509127.0,2093606,2746893.493809246
North Macedonia,2022,MKD,115512369.0,2093606,5517388.133201758
North Macedonia,2023,MKD,57318289.0,2093606,2737778.2161495523
Northern Cyprus,2021,OWID_CYN,0.0,382836,0.0
Northern Cyprus,2022,OWID_CYN,0.0,382836,0.0
Northern Ireland,2020,OWID_NIR,0.0,1896000,0.0
Northern Ireland,2021,OWID_NIR,0.0,1896000,0.0
Northern Ireland,2022,OWID_NIR,0.0,1896000,0.0
Northern Ireland,2023,OWID_NIR,0.0,1896000,0.0
Northern Mariana Islands,2020,MNP,15419.0,49574,31102.997539032556
Northern Mariana Islands,2021,MNP,136985.0,49574,276324.2828902247
Northern Mariana Islands,2022,MNP,4079261.0,49574,8228629.926977851
Northern Mariana Islands,2023,MNP,2256294.0,49574,4551365.635212007
Norway,2020,NOR,4455901.0,5434324,81995.49750806172
Norway,2021,NOR,54618119.0,5434324,1005058.2004311853
Norway,2022,NOR,487756969.0,5434324,8975485.616978303
Norway,2023,NOR,244402180.0,5434324,4497379.618881759
Oceania,2020,OWID_OCE,7142944.0,45038860,15859.513318054675
Oceania,2021,OWID_OCE,59193902.0,45038860,131428.5086256624
Oceania,2022,OWID_OCE,3157446754.0,45038860,7010494.390843817
Oceania,2023,OWID_OCE,2280223066.0,45038860,5062790.368139869
Oman,2020,OMN,18926203.0,4576300,413569.98011494
Oman,2021,OMN,86590783.0,4576300,1892157.0482704367
Oman,2022,OMN,140571708.0,4576300,3071732.7972379434
Oman,2023,OMN,65907342.0,4576300,1440188.40548041
Pakistan,2020,PAK,65755573.0,235824864,27883.22311933995
Pakistan,2021,PAK,346341750.0,235824864,146863.96681225268
Pakistan,2022,PAK,557355442.0,235824864,236342.9506737678
Pakistan,2023,PAK,260455767.0,235824864,110444.57424133191
Palau,2020,PLW,0.0,18084,0.0
Palau,2021,PLW,856.0,18084,4733.46604733466
Palau,2022,PLW,1664852.0,18084,9206215.439062154
Palau,2023,PLW,989034.0,18084,5469110.816191108
Palestine,2020,PSE,10291603.0,5250076,196027.69559907322
Palestine,2021,PSE,123221265.0,5250076,2347037.7381203626
Palestine,2022,PSE,240246242.0,5250076,4576052.651428284
Palestine,2023,PSE,116032620.0,5250076,2210113.1488382267
Panama,2020,PAN,22286011.0,4408582,505514.2673993588
Panama,2021,PAN,147261488.0,4408582,3340336.824856609
Panama,2022,PAN,317219698.0,4408582,7195504.087255267
Panama,2023,PAN,170503096.0,4408582,3867526.928159667
Papua New Guinea,2020,PNG,83781.0,10142625,826.028764742855
Papua New Guinea,2021,PNG,5912703.0,10142625,58295.58915961105
Papua New Guinea,2022,PNG,15910142.0,10142625,156864.1451300822
Papua New Guinea,2023,PNG,7724668.0,10142625,76160.44170025019
Paraguay,2020,PRY,7977474.0,6780745,117648.93090655968
Paraguay,2021,PRY,126022150.0,6780745,1858529.5568554783
Paraguay,2022,PRY,242940576.0,6780745,3582800.6509609194
Paraguay,2023,PRY,121184282.0,6780745,1787182.4113722018
Peru,2020,PER,143176634.0,34049588,420494.46824437345
Peru,2021,PER,679116843.0,34049588,1994493.5692026583
Peru,2022,PER,1365031629.0,34049588,4008951.9702852205
Peru,2023,PER,740942068.0,34049588,2176067.645811162
Philippines,2020,PHL,53051873.0,115559008,45908.903094772155
Philippines,2021,PHL,579175132.0,115559008,501194.2747033619
Philippines,2022,PHL,1371528925.0,115559008,1186864.571388498
Philippines,2023,PHL,674960341.0,115559008,584082.8444979383
Pitcairn,2020,PCN,0.0,47,0.0
Pitcairn,2021,PCN,0.0,47,0.0
Pitcairn,2022,PCN,660.0,47,1404255.319148936
Pitcairn,2023,PCN,660.0,47,1404255.319148936
Poland,2020,POL,69571794.0,39857144,174552.88316694243
Poland,2021,POL,978344078.0,39857144,2454626.648612856
Poland,2022,POL,2161425095.0,39857144,5422930.19038193
Poland,2023,POL,1065465146.0,39857144,2673209.9670764166
Portugal,2020,PRT,27149161.0,10270857,264331.992938856
Portugal,2021,PRT,331960361.0,10270857,3232060.976021767
Portugal,2022,PRT,1657403928.0,10270857,16136958.464128165
Portugal,2023,PRT,919610362.0,10270857,8953589.384021217
Puerto Rico,2020,PRI,6299882.0,3252412,193698.7687906698
Puerto Rico,2021,PRI,55244446.0,3252412,1698568.5085407384
Puerto Rico,2022,PRI,287164118.0,3252412,8829266.34141062
Puerto Rico,2023,PRI,198945048.0,3252412,6116846.451187611
Qatar,2020,QAT,26372496.0,2695131,978523.7155448103
Qatar,2021,QAT,76565319.0,2695131,2840875.6012230944
Qatar,2022,QAT,145473205.0,2695131,5397630.207956497
Qatar,2023,QAT,82576647.0,2695131,3063919.601681699
Reunion,2020,REU,793408.0,974062,81453.54197166093
Reunion,2021,REU,12561714.0,974062,1289621.6051955624
Reunion,2022,REU,142403114.0,974062,14619512.310304683
Reunion,2023,REU,81512111.0,974062,8368267.215023274
Romania,2020,ROU,41193603.0,19659270,209537.80582900587
Romania,2021,ROU,418837401.0,19659270,2130482.9782591113
Romania,2022,ROU,1071377520.0,19659270,5449731.958511176
Romania,2023,ROU,554643413.0,19659270,2821281.8329470013
Russia,2020,RUS,295871958.0,144713312,204453.8639264921
Russia,2021,RUS,2250687809.0,144713312,1555273.5113961042
Russia,2022,RUS,6685428500.0,144713312,4619774.371551941
Russia,2023,RUS,3707101516.0,144713312,2561686.5959090204
Rwanda,2020,RWA,827285.0,13776702,6004.956774124896
Rwanda,2021,RWA,20033442.0,13776702,145415.36864192897
Rwanda,2022,RWA,47661263.0,13776702,345955.53420550143
Rwanda,2023,RWA,21971979.0,13776702,159486.4939373734
Saint Barthelemy,2020,BLM,12722.0,10994,115717.66418046207
Saint Barthelemy,2021,BLM,414329.0,10994,3768682.917955248
Saint Barthelemy,2022,BLM,1675071.0,10994,15236228.852101147
Saint Barthelemy,2023,BLM,901083.0,10994,8196134.255048209
Saint Helena,2020,SHN,0.0,5401,0.0
Saint Helena,2021,SHN,0.0,5401,0.0
Saint Helena,2022,SHN,208358.0,5401,3857767.080170339
Saint Helena,2023,SHN,357390.0,5401,6617107.942973523
Saint Kitts and Nevis,2020,KNA,4889.0,47681,10253.560118286108
Saint Kitts and Nevis,2021,KNA,341960.0,47681,717182.94498857
Saint Kitts and Nevis,2022,KNA,2179739.0,47681,4571504.372810973
Saint Kitts and Nevis,2023,KNA,1088033.0,47681,2281900.5473878486
Saint Lucia,2020,LCA,18840.0,179872,10474.114926169721
Saint Lucia,2021,LCA,2476900.0,179872,1377034.780288205
Saint Lucia,2022,LCA,9418390.0,179872,5236162.38213841
Saint Lucia,2023,LCA,4946539.0,179872,2750032.8011030066
Saint Martin (French part),2020,MAF,79065.0,31816,248507.04048277598
Saint Martin (French part),2021,MAF,941709.0,31816,2959859.818959014
Saint Martin (French part),2022,MAF,3932611.0,31816,12360482.147347247
Saint Martin (French part),2023,MAF,2025051.0,31816,6364882.449082223
Saint Pierre and Miquelon,2020,SPM,1840.0,5885,31265.930331350894
Saint Pierre and Miquelon,2021,SPM,12078.0,5885,205233.6448598131
Saint Pierre and Miquelon,2022,SPM,903023.0,5885,15344485.981308412
Saint Pierre and Miquelon,2023,SPM,564092.0,5885,9585250.637213254
Saint Vincent and the Grenadines,2020,VCT,14041.0,103959,13506.286132032821
Saint Vincent and the Grenadines,2021,VCT,984665.0,103959,947166.671476255
Saint Vincent and the Grenadines,2022,VCT,3224866.0,103959,3102055.618080205
Saint Vincent and the Grenadines,2023,VCT,1583702.0,103959,1523390.9522023106
Samoa,2020,WSM,30.0,222390,13.489815189531905
Samoa,2021,WSM,384.0,222390,172.66963442600834
Samoa,2022,WSM,3940545.0,222390,1771907.4598678
Samoa,2023,WSM,2733937.0,222390,1229343.495660776
San Marino,2020,SMR,249429.0,33690,740365.0934995548
San Marino,2021,SMR,1822845.0,33690,5410641.139804096
San Marino,2022,SMR,6565737.0,33690,19488682.101513803
San Marino,2023,SMR,3928011.0,33690,11659278.717720391
Sao Tome and Principe,2020,STP,193722.0,227393,85192.59607815543
Sao Tome and Principe,2021,STP,932179.0,227393,409941.8187894966
Sao Tome and Principe,2022,STP,2194887.0,227393,965239.4752696872
Sao Tome and Principe,2023,STP,1058721.0,227393,465590.84932253853
Saudi Arabia,2020,SAU,64469019.0,36408824,177069.76473615298
Saudi Arabia,2021,SAU,172399209.0,36408824,473509.4135421677
Saudi Arabia,2022,SAU,282282750.0,36408824,775314.1106672382
Saudi Arabia,2023,SAU,137614545.0,36408824,377970.3101643711
Scotland,2020,OWID_SCT,0.0,5466000,0.0
Scotland,2021,OWID_SCT,0.0,5466000,0.0
Scotland,2022,OWID_SCT,0.0,5466000,0.0
Scotland,2023,OWID_SCT,0.0,5466000,0.0
Senegal,2020,SEN,2783997.0,17316452,16077.179089573316
Senegal,2021,SEN,19128462.0,17316452,110464.09506982147
Senegal,2022,SEN,31623284.0,17316452,182619.88079313244
Senegal,2023,SEN,14677131.0,17316452,84758.30383729878
Serbia,2020,SRB,15568193.0,6871547,226560.2345439826
Serbia,2021,SRB,280534092.0,6871547,4082546.3611032567
Serbia,2022,SRB,762920358.0,6871547,11102599.720266776
Serbia,2023,SRB,413468685.0,6871547,6017112.085531832
Seychelles,2020,SYC,28445.0,107135,26550.613711672187
Seychelles,2021,SYC,4880135.0,107135,4555126.709292015
Seychelles,2022,SYC,15991678.0,107135,14926660.755122043
Seychelles,2023,SYC,8388557.0,107135,7829894.058897652
Sierra Leone,2020,SLE,445061.0,8605723,5171.686330131704
Sierra Leone,2021,SLE,1873181.0,8605723,21766.689446081404
Sierra Leone,2022,SLE,2807767.0,8605723,32626.741530026004
Sierra Leone,2023,SLE,1280588.0,8605723,14880.655582337473
Singapore,2020,SGP,12440069.0,5637022,220685.12416662558
Singapore,2021,SGP,37478110.0,5637022,664856.5501429655
Singapore,2022,SGP,522035083.0,5637022,9260831.03809068
Singapore,2023,SGP,380143262.0,5637022,6743689.522588346
Sint Maarten (Dutch part),2020,SXM,122959.0,44192,278238.1426502535
Sint Maarten (Dutch part),2021,SXM,1100892.0,44192,2491156.770456191
Sint Maarten (Dutch part),2022,SXM,3716655.0,44192,8410243.935553946
Sint Maarten (Dutch part),2023,SXM,1818799.0,44192,4115674.782766111
Slovakia,2020,SVK,8287572.0,5643455,146852.80559515403
Slovakia,2021,SVK,151572211.0,5643455,2685805.255822896
Slovakia,2022,SVK,612582795.0,5643455,10854747.57927546
Slovakia,2023,SVK,307571806.0,5643455,5450062.169362563
Slovenia,2020,SVN,5619482.0,2119843,265089.537291205
Slovenia,2021,SVN,97527775.0,2119843,4600707.458052319
Slovenia,2022,SVN,378409101.0,2119843,17850807.866431616
Slovenia,2023,SVN,220050233.0,2119843,10380496.716030385
Solomon Islands,2020,SLB,1066.0,724272,147.18227406278302
Solomon Islands,2021,SLB,7098.0,724272,980.0185565643848
Solomon Islands,2022,SLB,5972115.0,724272,824567.9799854198
Solomon Islands,2023,SLB,3565815.0,724272,492330.9198754059
Somalia,2020,SOM,809941.0,17597508,4602.589184786846
Somalia,2021,SOM,5455644.0,17597508,31002.3669260443
Somalia,2022,SOM,9719502.0,17597508,55232.26356822796
Somalia,2023,SOM,4509090.0,17597508,25623.45759410935
South Africa,2020,ZAF,121739188.0,59893884,203258.12899360477
South Africa,2021,ZAF,793098123.0,59893884,1324172.1358394457
South Africa,2022,ZAF,1418390489.0,59893884,2368172.498213674
South Africa,2023,ZAF,670805749.0,59893884,1119990.396682239
South America,2020,OWID_SAM,1492696565.0,436816679,341721.51311099547
South America,2021,OWID_SAM,10849068864.0,436816679,2483666.349196341
South America,2022,OWID_SAM,21462635980.0,436816679,4913419.521693676
South America,2023,OWID_SAM,11231786339.0,436816679,2571281.473205834
South Korea,2020,KOR,5960053.0,51815808,11502.383596913129
South Korea,2021,KOR,80312293.0,51815808,154995.73605028025
South Korea,2022,KOR,6321393387.0,51815808,12199739.096995264
South Korea,2023,KOR,5073697101.0,51815808,9791793.849861417
South Sudan,2020,SSD,565829.0,10913172,5184.826189855708
South Sudan,2021,SSD,3746957.0,10913172,34334.26138614877
South Sudan,2022,SSD,6432189.0,10913172,58939.68316452814
South Sudan,2023,SSD,3030720.0,10913172,27771.210790043442
Spain,2020,ESP,192443973.0,47558632,404645.728666039
Spain,2021,ESP,1490713760.0,47558632,3134475.6930771265
Spain,2022,ESP,4488756394.0,47558632,9438363.142993685
Spain,2023,ESP,2275302034.0,47558632,4784204.125131269
Sri Lanka,2020,LKA,2133362.0,21832150,9771.653272810969
Sri Lanka,2021,LKA,106486334.0,21832150,487750.10248647066
Sri Lanka,2022,LKA,240066623.0,21832150,1099601.3814489183
Sri Lanka,2023,LKA,110900209.0,21832150,507967.4196082383
Sudan,2020,SDN,2985093.0,46874200,6368.307085774263
Sudan,2021,SDN,13177997.0,46874200,28113.54007108388
Sudan,2022,SDN,22540491.0,46874200,48087.20148823874
Sudan,2023,SDN,10539556.0,46874200,22484.76987340584
Suriname,2020,SUR,744257.0,618046,120420.97190176784
Suriname,2021,SUR,9055876.0,618046,1465243.0401620592
Suriname,2022,SUR,28737189.0,618046,4649684.489504018
Suriname,2023,SUR,13587704.0,618046,2198493.9632325103
Sweden,2020,SWE,30239077.0,10549349,286644.0099763502
Sweden,2021,SWE,360619534.0,10549349,3418405.5717561343
Sweden,2022,SWE,900231863.0,10549349,8533530.012136294
Sweden,2023,SWE,445649731.0,10549349,4224428.739631232
Switzerland,2020,CHE,29391473.0,8740471,336268.75485314237
Switzerland,2021,CHE,268905958.0,8740471,3076561.4118506885
Switzerland,2022,CHE,1314301473.0,8740471,15036963.946222119
Switzerland,2023,CHE,725262317.0,8740471,8297748.679676415
Syria,2020,SYR,829598.0,22125242,3749.5544681499982
Syria,2021,SYR,10081091.0,22125242,45563.754737688294
Syria,2022,SYR,20339104.0,22125242,91927.14818667294
Syria,2023,SYR,9474795.0,22125242,42823.46380663317
Taiwan,2020,TWN,0.0,23893396,0.0
Taiwan,2021,TWN,0.0,23893396,0.0
Taiwan,2022,TWN,0.0,23893396,0.0
Taiwan,2023,TWN,0.0,23893396,0.0
Tajikistan,2020,TJK,1998970.0,9952789,20084.521032245335
Tajikistan,2021,TJK,5577415.0,9952789,56038.71437443314
Tajikistan,2022,TJK,6483593.0,9952789,65143.478878131544
Tajikistan,2023,TJK,2934690.0,9952789,29486.10685909246
Tanzania,2020,TZA,128773.0,65497752,196.606747663645
Tanzania,2021,TZA,3942085.0,65497752,6018.65694566128
Tanzania,2022,TZA,13421212.0,65497752,20491.10326717778
Tanzania,2023,TZA,7075290.0,65497752,10802.340208561662
Thailand,2020,THA,969865.0,71697024,1352.7269974273968
Thailand,2021,THA,279343857.0,71697024,389617.0878724339
Thailand,2022,THA,1493834916.0,71697024,2083538.2456041689
Thailand,2023,THA,780606791.0,71697024,1088757.5905521545
Timor,2020,TLS,7042.0,1341298,525.013829887169
Timor,2021,TLS,3540674.0,1341298,263973.703084624
Timor,2022,TLS,8281472.0,1341298,617422.2283191356
Timor,2023,TLS,3865034.0,1341298,288156.248648697
Togo,2020,TGO,378126.0,8848700,4273.237876750257
Togo,2021,TGO,5892444.0,8848700,66591.06987467087
Togo,2022,TGO,13757039.0,8848700,155469.6057047928
Togo,2023,TGO,6505365.0,8848700,73517.74836981704
Tokelau,2020,TKL,0.0,1893,0.0
Tokelau,2021,TKL,0.0,1893,0.0
Tokelau,2022,TKL,95.0,1893,5018.489170628632
Tokelau,2023,TKL,825.0,1893,43581.61648177496
Tonga,2020,TON,0.0,106867,0.0
Tonga,2021,TON,64.0,106867,59.887523744467416
Tonga,2022,TON,3849315.0,106867,3601967.866600541
Tonga,2023,TON,2768236.0,106867,2590356.2371920235
Trinidad and Tobago,2020,TTO,684403.0,1531043,44701.749069098645
Trinidad and Tobago,2021,TTO,12166579.0,1531043,794659.5229526538
Trinidad and Tobago,2022,TTO,57670054.0,1531043,3766716.8067781245
Trinidad and Tobago,2023,TTO,31307649.0,1531043,2044857.5905444853
Tunisia,2020,TUN,7547691.0,12356116,61084.65637583849
Tunisia,2021,TUN,170815095.0,12356116,1382433.5656932972
Tunisia,2022,TUN,387325450.0,12356116,3134686.093914949
Tunisia,2023,TUN,189993720.0,12356116,1537649.209508878
Turkey,2020,TUR,169361178.0,85341248,198451.72407134238
Turkey,2021,TUR,2007047717.0,85341248,2351790.9147520317
Turkey,2022,TUR,5566588621.0,85341248,6522741.05600143
Turkey,2023,TUR,2805771705.0,85341248,3287708.7818073626
Turkmenistan,2020,TKM,0.0,6430777,0.0
Turkmenistan,2021,TKM,0.0,6430777,0.0
Turkmenistan,2022,TKM,0.0,6430777,0.0
Turkmenistan,2023,TKM,0.0,6430777,0.0
Turks and Caicos Islands,2020,TCA,98306.0,45726,214989.28399597603
Turks and Caicos Islands,2021,TCA,889541.0,45726,1945372.435813323
Turks and Caicos Islands,2022,TCA,2214197.0,45726,4842315.094257097
Turks and Caicos Islands,2023,TCA,1081565.0,45726,2365317.3249354856
Tuvalu,2020,TUV,0.0,11335,0.0
Tuvalu,2021,TUV,0.0,11335,0.0
Tuvalu,2022,TUV,131258.0,11335,1157988.5310983679
Tuvalu,2023,TUV,459855.0,11335,4056947.5077194534
Uganda,2020,UGA,1968871.0,47249588,4166.959085442185
Uganda,2021,UGA,29561475.0,47249588,62564.51379004617
Uganda,2022,UGA,60567420.0,47249588,128186.13360184219
Uganda,2023,UGA,28133208.0,47249588,59541.700130803256
Ukraine,2020,UKR,65133025.0,39701744,164055.8283787231
Ukraine,2021,UKR,807420149.0,39701744,2033714.5617582945
Ukraine,2022,UKR,1805779271.0,39701744,4548362.588303425
Ukraine,2023,UKR,900121291.0,39701744,2267208.4405158623
United Arab Emirates,2020,ARE,22045748.0,9441138,233507.3165967916
United Arab Emirates,2021,ARE,212456199.0,9441138,2250324.049918559
United Arab Emirates,2022,ARE,346621086.0,9441138,3671390.948845362
United Arab Emirates,2023,ARE,174380166.0,9441138,1847024.860774199
United Kingdom,2020,GBR,169716921.0,67508936,251399.19402669894
United Kingdom,2021,GBR,2229197021.0,67508936,3302076.959115457
United Kingdom,2022,GBR,7935620887.0,67508936,11754919.210991563
United Kingdom,2023,GBR,4010110473.0,67508936,5940118.020820236
United States,2020,USA,1699388140.0,338289856,502346.7626531492
United States,2021,USA,13081418892.0,338289856,3866926.146316371
United States,2022,USA,31397378136.0,338289856,9281205.91827619
United States,2023,USA,16870025068.0,338289856,4986855.1388073545
United States Virgin Islands,2020,VIR,213470.0,99479,214588.00349822576
United States Virgin Islands,2021,VIR,1687338.0,99479,1696175.0721257755
United States Virgin Islands,2022,VIR,7151542.0,99479,7188996.672664583
United States Virgin Islands,2023,VIR,4079703.0,99479,4101069.572472582
Upper middle income,2020,OWID_UMC,2452818769.0,2525921300,97105.906229145
Upper middle income,2021,OWID_UMC,20056707133.0,2525921300,794035.3142831489
Upper middle income,2022,OWID_UMC,47967182792.0,2525921300,1898997.5179353373
Upper middle income,2023,OWID_UMC,39934965176.0,2525921300,1581005.9155841474
Uruguay,2020,URY,724445.0,3422796,21165.298779126773
Uruguay,2021,URY,98139417.0,3422796,2867229.5106106238
Uruguay,2022,URY,328367248.0,3422796,9593538.382071266
Uruguay,2023,URY,170700398.0,3422796,4987162.483536852
Uzbekistan,2020,UZB,9645874.0,34627648,27855.98952605733
Uzbekistan,2021,UZB,46374210.0,34627648,133922.49453384764
Uzbekistan,2022,UZB,87050578.0,34627648,251390.38608686332
Uzbekistan,2023,UZB,41557796.0,34627648,120013.33731935821
Vanuatu,2020,VUT,51.0,326744,15.608549812697403
Vanuatu,2021,VUT,1138.0,326744,348.28489582058126
Vanuatu,2022,VUT,2963349.0,326744,906932.9505668046
Vanuatu,2023,VUT,1982473.0,326744,606735.8543691698
Vatican,2020,VAT,4322.0,808,534900.9900990099
Vatican,2021,VAT,9490.0,808,1174504.9504950496
Vatican,2022,VAT,9490.0,808,1174504.9504950496
Vatican,2023,VAT,4290.0,808,530940.594059406
Venezuela,2020,VEN,12074749.0,28301700,42664.39471833847
Venezuela,2021,VEN,98933521.0,28301700,349567.41467827023
Venezuela,2022,VEN,191675613.0,28301700,677258.3025047965
Venezuela,2023,VEN,91091575.0,28301700,321859.0226028825
Vietnam,2020,VNM,217880.0,98186856,221.90342870332867
Vietnam,2021,VNM,135555236.0,98186856,138058.43421649025
Vietnam,2022,VNM,3394242198.0,98186856,3456921.1565344348
Vietnam,2023,VNM,1905382490.0,98186856,1940567.7782370383
Wales,2020,OWID_WLS,0.0,3170000,0.0
Wales,2021,OWID_WLS,0.0,3170000,0.0
Wales,2022,OWID_WLS,0.0,3170000,0.0
Wales,2023,OWID_WLS,0.0,3170000,0.0
Wallis and Futuna,2020,WLF,173.0,11596,1491.8937564677476
Wallis and Futuna,2021,WLF,130851.0,11596,1128414.9706795446
Wallis and Futuna,2022,WLF,424771.0,11596,3663082.0972749228
Wallis and Futuna,2023,WLF,568526.0,11596,4902776.819592963
Western Sahara,2022,ESH,0.0,576005,0.0
World,2020,OWID_WRL,7643935311.0,7975105024,95847.45640335281
World,2021,OWID_WRL,66778344645.0,7975105024,837334.9873642994
World,2022,OWID_WRL,196201209222.0,7975105024,2460170.8520647567
World,2023,OWID_WRL,125317334268.0,7975105024,1571356.5387649997
Yemen,2020,YEM,380921.0,33696612,1130.4430249545562
Yemen,2021,YEM,2396595.0,33696612,7112.272889630566
Yemen,2022,YEM,4281123.0,33696612,12704.906356757765
Yemen,2023,YEM,1970925.0,33696612,5849.0301636259455
Zambia,2020,ZMB,2417606.0,20017670,12077.359652746798
Zambia,2021,ZMB,52359655.0,20017670,261567.18039612
Zambia,2022,ZMB,117699208.0,20017670,587976.5627068485
Zambia,2023,ZMB,56464636.0,20017670,282073.9676495816
Zimbabwe,2020,ZWE,1323489.0,16320539,8109.3461435311665
Zimbabwe,2021,ZWE,29903213.0,16320539,183224.42046797596
Zimbabwe,2022,ZWE,91155673.0,16320539,558533.4712291058
Zimbabwe,2023,ZWE,43530232.0,16320539,266720.5537758281
